order_id,order_date,product_id,product_category,units_sold,unit_price,discount_percent,total_sales_amount,payment_mode,customer_region
ORD100000,2023-05-14,EL9240,TV,2,62134,0,124268.0,Credit Card,East
ORD100001,2023-02-27,EL7340,Headphones,3,25491,25,57354.75,EMI,Central
ORD100002,2023-06-07,EL5571,Smartwatch,1,6341,20,5072.8,Credit Card,East
ORD100003,2023-11-19,EL8982,TV,1,49623,10,44660.7,EMI,West
ORD100004,2023-11-26,EL3617,Tablet,1,95327,15,81027.95,Credit Card,North
ORD100005,2023-02-22,EL2581,Speaker,1,5338,10,4804.2,Net Banking,North
ORD100006,2023-08-18,EL5866,Smartwatch,4,76431,5,290437.8,UPI,Central
ORD100007,2023-01-22,EL8888,Smartwatch,1,17254,0,17254.0,UPI,North
ORD100008,2023-12-23,EL1712,TV,4,56860,25,170580.0,Debit Card,West
ORD100009,2023-05-07,EL6934,Laptop,4,16344,20,52300.8,EMI,Central
ORD100010,2023-03-05,EL2661,Tablet,1,6750,20,5400.0,EMI,East
ORD100011,2023-12-13,EL6893,TV,1,59756,0,59756.0,EMI,North
ORD100012,2023-04-12,EL2549,Tablet,2,72957,25,109435.5,Net Banking,South
ORD100013,2023-09-10,EL3680,Tablet,3,110423,0,331269.0,EMI,North
ORD100014,2023-06-18,EL8276,Speaker,1,63053,5,59900.35,UPI,East
ORD100015,2023-07-13,EL7513,Smartwatch,2,75855,10,136539.0,Net Banking,Central
ORD100016,2023-12-09,EL7639,Headphones,2,20896,20,33433.6,Credit Card,East
ORD100017,2023-08-29,EL1437,Speaker,3,60761,5,173168.85,EMI,South
ORD100018,2023-10-20,EL4560,Speaker,4,67552,10,243187.2,EMI,West
ORD100019,2023-12-17,EL6695,Tablet,1,82454,5,78331.3,Credit Card,North
ORD100020,2023-12-16,EL1044,Camera,3,95600,25,215100.0,EMI,Central
ORD100021,2023-05-30,EL9969,Smartwatch,1,117153,20,93722.4,Credit Card,West
ORD100022,2023-07-15,EL3490,Laptop,2,32935,0,65870.0,Net Banking,East
ORD100023,2023-06-03,EL1770,Speaker,2,42641,0,85282.0,UPI,Central
ORD100024,2023-03-11,EL5017,Headphones,4,34711,10,124959.6,Credit Card,West
ORD100025,2023-02-14,EL3170,Camera,2,75342,15,128081.4,Debit Card,Central
ORD100026,2023-10-30,EL7631,Camera,2,111896,25,167844.0,Credit Card,South
ORD100027,2023-08-14,EL6893,Laptop,3,17182,10,46391.4,EMI,South
ORD100028,2023-10-10,EL4379,Speaker,1,92833,15,78908.05,Net Banking,North
ORD100029,2023-01-06,EL7021,Headphones,1,61276,5,58212.2,Net Banking,North
ORD100030,2023-03-08,EL6477,Smartwatch,3,24541,25,55217.25,Credit Card,South
ORD100031,2023-08-01,EL3190,Mobile,4,99457,5,377936.6,UPI,Central
ORD100032,2023-05-12,EL6631,Headphones,1,87310,20,69848.0,Debit Card,South
ORD100033,2023-06-28,EL7201,Laptop,2,49813,25,74719.5,Net Banking,North
ORD100034,2023-03-28,EL2909,Camera,1,42198,15,35868.3,EMI,South
ORD100035,2023-09-22,EL4460,Smartwatch,2,13820,20,22112.0,EMI,South
ORD100036,2023-11-07,EL2772,Headphones,4,29070,0,116280.0,UPI,Central
ORD100037,2023-11-10,EL2618,Mobile,3,74768,15,190658.4,Net Banking,West
ORD100038,2023-07-25,EL7768,Mobile,1,16122,10,14509.8,Credit Card,North
ORD100039,2023-05-20,EL2499,Tablet,3,85559,0,256677.0,EMI,Central
ORD100040,2023-10-30,EL5420,Tablet,1,78543,0,78543.0,UPI,South
ORD100041,2023-07-03,EL6122,TV,2,88441,10,159193.8,Net Banking,South
ORD100042,2023-11-01,EL9660,Laptop,3,46786,25,105268.5,Net Banking,West
ORD100043,2023-04-09,EL2084,Speaker,1,99934,0,99934.0,Net Banking,North
ORD100044,2023-12-16,EL5645,Headphones,2,104804,15,178166.8,Net Banking,North
ORD100045,2023-11-10,EL9967,Headphones,3,11737,20,28168.8,Net Banking,East
ORD100046,2023-10-16,EL8242,Speaker,3,41062,0,123186.0,EMI,North
ORD100047,2023-09-29,EL1058,TV,1,59237,15,50351.45,UPI,West
ORD100048,2023-07-22,EL1161,Camera,1,56571,5,53742.45,Net Banking,East
ORD100049,2023-01-26,EL8726,Camera,1,30510,15,25933.5,Debit Card,East
ORD100050,2023-10-24,EL6431,TV,2,24426,20,39081.6,Debit Card,South
ORD100051,2023-10-24,EL1592,Camera,1,42265,15,35925.25,UPI,South
ORD100052,2023-08-08,EL2238,Tablet,3,22850,10,61695.0,Credit Card,North
ORD100053,2023-02-21,EL5232,Headphones,3,71150,20,170760.0,Credit Card,East
ORD100054,2023-02-10,EL1822,TV,1,92312,25,69234.0,Credit Card,South
ORD100055,2023-10-28,EL3861,Headphones,1,94613,5,89882.35,Debit Card,West
ORD100056,2023-12-28,EL3483,Speaker,4,79910,10,287676.0,Credit Card,South
ORD100057,2023-11-10,EL5937,Mobile,3,57375,25,129093.75,EMI,South
ORD100058,2023-05-20,EL4683,Tablet,2,40435,15,68739.5,Net Banking,East
ORD100059,2023-11-12,EL5984,Smartwatch,4,101443,20,324617.6,Debit Card,East
ORD100060,2023-01-05,EL5848,Tablet,1,62132,5,59025.4,UPI,Central
ORD100061,2023-08-18,EL2590,TV,1,83945,10,75550.5,UPI,West
ORD100062,2023-11-20,EL6019,Smartwatch,3,87050,25,195862.5,Net Banking,East
ORD100063,2023-05-13,EL6784,Mobile,1,100402,25,75301.5,Debit Card,North
ORD100064,2023-06-05,EL9638,TV,2,7983,5,15167.7,Credit Card,West
ORD100065,2023-11-19,EL9307,Laptop,3,102241,15,260714.55,Credit Card,West
ORD100066,2023-04-14,EL2879,Headphones,1,25662,5,24378.9,EMI,East
ORD100067,2023-07-07,EL2176,Mobile,3,28510,25,64147.5,EMI,West
ORD100068,2023-06-28,EL5242,Headphones,1,83187,0,83187.0,Credit Card,East
ORD100069,2023-10-04,EL1373,Camera,1,45998,10,41398.2,UPI,South
ORD100070,2023-04-20,EL1073,Laptop,1,61846,5,58753.7,UPI,Central
ORD100071,2023-10-09,EL8481,Laptop,2,99071,25,148606.5,EMI,South
ORD100072,2023-04-23,EL3412,Mobile,2,11640,15,19788.0,Net Banking,East
ORD100073,2023-07-22,EL8020,Laptop,3,49547,25,111480.75,Credit Card,East
ORD100074,2023-05-29,EL7704,Smartwatch,1,59620,15,50677.0,EMI,South
ORD100075,2023-06-02,EL2738,Laptop,1,20317,5,19301.15,EMI,North
ORD100076,2023-03-25,EL3932,Headphones,2,12564,15,21358.8,Credit Card,North
ORD100077,2023-09-05,EL9497,Headphones,1,32345,20,25876.0,Credit Card,North
ORD100078,2023-01-21,EL1010,TV,2,118824,20,190118.4,UPI,East
ORD100079,2023-10-25,EL6166,Headphones,1,99223,20,79378.4,Net Banking,West
ORD100080,2023-12-06,EL1614,TV,3,84273,0,252819.0,Net Banking,East
ORD100081,2023-09-29,EL6222,Headphones,1,79859,5,75866.05,Credit Card,West
ORD100082,2023-03-04,EL5455,Smartwatch,1,85765,25,64323.75,Debit Card,South
ORD100083,2023-12-08,EL9742,Speaker,4,115017,25,345051.0,EMI,Central
ORD100084,2023-05-28,EL6794,TV,2,79038,0,158076.0,EMI,West
ORD100085,2023-09-13,EL8797,Tablet,1,57393,15,48784.05,Credit Card,North
ORD100086,2023-06-16,EL3139,Camera,1,71081,0,71081.0,Debit Card,East
ORD100087,2023-09-11,EL7502,Mobile,4,107650,15,366010.0,UPI,South
ORD100088,2023-07-12,EL9525,Headphones,4,34430,15,117062.0,Credit Card,North
ORD100089,2023-07-06,EL9365,Laptop,2,80532,10,144957.6,Credit Card,South
ORD100090,2023-06-16,EL8082,Speaker,4,32788,25,98364.0,EMI,Central
ORD100091,2023-09-27,EL2411,Headphones,3,100505,20,241212.0,Credit Card,East
ORD100092,2023-12-10,EL8921,Laptop,4,53543,15,182046.2,Credit Card,East
ORD100093,2023-02-16,EL9740,Camera,3,18919,10,51081.3,Credit Card,Central
ORD100094,2023-03-21,EL5424,Camera,2,74346,25,111519.0,EMI,East
ORD100095,2023-08-13,EL5302,Camera,2,101122,20,161795.2,UPI,West
ORD100096,2023-12-03,EL4032,Laptop,2,44974,15,76455.8,UPI,South
ORD100097,2023-03-25,EL2726,Headphones,2,112309,15,190925.3,Credit Card,North
ORD100098,2023-07-10,EL6083,Camera,2,21371,0,42742.0,EMI,Central
ORD100099,2023-02-23,EL1511,Smartwatch,3,50084,0,150252.0,UPI,West
ORD100100,2023-03-27,EL2413,TV,3,34629,25,77915.25,UPI,North
ORD100101,2023-08-09,EL3841,Laptop,2,56184,20,89894.4,UPI,North
ORD100102,2023-09-10,EL3269,Laptop,4,66916,15,227514.4,EMI,Central
ORD100103,2023-01-22,EL6325,Headphones,1,78972,25,59229.0,EMI,West
ORD100104,2023-05-21,EL1217,Laptop,2,67187,25,100780.5,Credit Card,North
ORD100105,2023-12-15,EL6928,Laptop,4,17984,5,68339.2,Net Banking,North
ORD100106,2023-04-15,EL8615,Camera,1,38039,0,38039.0,UPI,West
ORD100107,2023-04-29,EL3607,Headphones,2,90431,20,144689.6,Net Banking,East
ORD100108,2023-08-10,EL2757,Camera,2,88691,15,150774.7,EMI,North
ORD100109,2023-07-19,EL2107,TV,3,63606,25,143113.5,EMI,South
ORD100110,2023-10-04,EL9657,Speaker,1,15616,15,13273.6,EMI,West
ORD100111,2023-09-24,EL9556,TV,1,107665,5,102281.75,Net Banking,North
ORD100112,2023-09-07,EL4498,Speaker,4,110373,20,353193.6,EMI,Central
ORD100113,2023-05-20,EL3226,Camera,3,55072,25,123912.0,Credit Card,South
ORD100114,2023-04-11,EL1444,TV,3,29574,15,75413.7,EMI,North
ORD100115,2023-05-10,EL4714,Headphones,3,8430,0,25290.0,Debit Card,South
ORD100116,2023-08-16,EL7441,Mobile,3,17676,5,50376.6,Net Banking,South
ORD100117,2023-01-03,EL6583,Camera,1,15816,20,12652.8,Debit Card,East
ORD100118,2023-12-17,EL1055,Speaker,1,37733,5,35846.35,EMI,South
ORD100119,2023-02-28,EL5282,Smartwatch,2,90680,0,181360.0,Credit Card,East
ORD100120,2023-04-03,EL5831,Speaker,2,7050,20,11280.0,UPI,West
ORD100121,2023-05-03,EL8584,Smartwatch,3,114996,5,327738.6,EMI,East
ORD100122,2023-03-23,EL3901,Laptop,3,38933,10,105119.1,Credit Card,Central
ORD100123,2023-10-13,EL2538,TV,3,29951,0,89853.0,Net Banking,North
ORD100124,2023-05-19,EL1468,Smartwatch,2,37413,0,74826.0,Debit Card,West
ORD100125,2023-10-04,EL2178,Speaker,4,39801,0,159204.0,Debit Card,West
ORD100126,2023-02-28,EL6954,Laptop,4,60619,10,218228.4,Debit Card,Central
ORD100127,2023-01-04,EL8706,Mobile,2,37913,10,68243.4,Net Banking,East
ORD100128,2023-06-04,EL1478,Headphones,2,117573,15,199874.1,Credit Card,North
ORD100129,2023-10-15,EL8022,Headphones,2,45600,25,68400.0,Net Banking,East
ORD100130,2023-07-26,EL3703,Headphones,2,62775,5,119272.5,Debit Card,South
ORD100131,2023-06-27,EL3258,Smartwatch,2,95816,15,162887.2,EMI,East
ORD100132,2023-07-02,EL2293,Mobile,2,95093,5,180676.7,UPI,West
ORD100133,2023-02-12,EL4377,Smartwatch,3,117590,25,264577.5,Net Banking,North
ORD100134,2023-06-07,EL8319,TV,3,40400,10,109080.0,Net Banking,East
ORD100135,2023-01-09,EL4600,Smartwatch,3,9494,25,21361.5,Credit Card,North
ORD100136,2023-04-19,EL1692,Mobile,3,85688,10,231357.6,Credit Card,North
ORD100137,2023-06-22,EL8500,Mobile,2,94431,25,141646.5,Net Banking,South
ORD100138,2023-07-06,EL1434,TV,4,79691,15,270949.4,Debit Card,South
ORD100139,2023-05-24,EL8871,Mobile,1,102419,20,81935.2,UPI,West
ORD100140,2023-08-23,EL3047,Speaker,2,113730,15,193341.0,Credit Card,Central
ORD100141,2023-11-28,EL6643,Mobile,1,48001,5,45600.95,Debit Card,North
ORD100142,2023-04-27,EL3320,Headphones,4,72364,15,246037.6,EMI,Central
ORD100143,2023-04-29,EL3379,Speaker,3,50028,0,150084.0,Credit Card,West
ORD100144,2023-04-09,EL8401,Speaker,4,112434,5,427249.2,Debit Card,North
ORD100145,2023-06-23,EL1233,TV,2,102659,25,153988.5,Debit Card,North
ORD100146,2023-09-24,EL6253,Tablet,3,42573,5,121333.05,UPI,Central
ORD100147,2023-07-16,EL7013,Tablet,2,5806,20,9289.6,UPI,East
ORD100148,2023-01-19,EL3839,Mobile,3,61638,10,166422.6,EMI,South
ORD100149,2023-02-08,EL8445,Speaker,1,111506,25,83629.5,Debit Card,East
ORD100150,2023-05-01,EL4592,Tablet,1,34757,5,33019.15,Debit Card,Central
ORD100151,2023-09-19,EL5664,Tablet,1,39636,25,29727.0,UPI,South
ORD100152,2023-04-10,EL4713,Mobile,4,85097,25,255291.0,Credit Card,East
ORD100153,2023-05-10,EL2193,Tablet,2,53280,25,79920.0,Credit Card,South
ORD100154,2023-02-09,EL6761,Smartwatch,4,29262,10,105343.2,Net Banking,North
ORD100155,2023-01-24,EL2428,Laptop,1,85435,15,72619.75,UPI,East
ORD100156,2023-05-11,EL8835,TV,2,67211,25,100816.5,Net Banking,South
ORD100157,2023-05-30,EL3601,Laptop,1,59842,0,59842.0,UPI,South
ORD100158,2023-12-15,EL9679,Mobile,4,61979,20,198332.8,EMI,South
ORD100159,2023-04-07,EL7844,Headphones,4,119524,10,430286.4,Debit Card,East
ORD100160,2023-09-10,EL8654,TV,4,86470,5,328586.0,EMI,West
ORD100161,2023-05-18,EL2448,Mobile,1,43197,10,38877.3,UPI,East
ORD100162,2023-03-10,EL8092,Speaker,2,46844,5,89003.6,Debit Card,Central
ORD100163,2023-11-06,EL6236,Headphones,2,69754,10,125557.2,Credit Card,East
ORD100164,2023-03-17,EL4101,Laptop,1,106868,5,101524.6,Credit Card,South
ORD100165,2023-12-28,EL4606,Mobile,2,39157,25,58735.5,Net Banking,North
ORD100166,2023-05-17,EL5826,Speaker,1,82129,15,69809.65,UPI,East
ORD100167,2023-02-24,EL1151,TV,2,45042,5,85579.8,UPI,East
ORD100168,2023-03-28,EL5082,TV,3,66665,5,189995.25,Credit Card,South
ORD100169,2023-06-20,EL2844,Camera,3,87856,0,263568.0,EMI,North
ORD100170,2023-10-25,EL4721,Speaker,4,32376,5,123028.8,Debit Card,North
ORD100171,2023-04-15,EL2425,Smartwatch,3,114049,0,342147.0,EMI,Central
ORD100172,2023-09-16,EL1746,Tablet,3,60554,20,145329.6,EMI,East
ORD100173,2023-12-01,EL4018,Headphones,3,19199,25,43197.75,Credit Card,North
ORD100174,2023-05-28,EL8529,Speaker,1,86412,0,86412.0,Credit Card,North
ORD100175,2023-10-14,EL4266,Camera,3,55948,15,142667.4,Credit Card,West
ORD100176,2023-08-14,EL8897,Tablet,3,78781,25,177257.25,Net Banking,West
ORD100177,2023-05-03,EL6244,Tablet,4,77750,0,311000.0,EMI,North
ORD100178,2023-11-20,EL4901,Mobile,3,71262,25,160339.5,UPI,Central
ORD100179,2023-03-15,EL1813,Tablet,3,51600,25,116100.0,Debit Card,North
ORD100180,2023-04-18,EL9390,Smartwatch,2,81898,25,122847.0,Net Banking,South
ORD100181,2023-05-13,EL7992,TV,4,67483,20,215945.6,UPI,East
ORD100182,2023-07-27,EL7014,Camera,4,23297,15,79209.8,EMI,Central
ORD100183,2023-12-08,EL2586,Tablet,4,35448,10,127612.8,Credit Card,South
ORD100184,2023-03-30,EL8815,Mobile,4,31172,10,112219.2,EMI,Central
ORD100185,2023-07-06,EL1891,Smartwatch,4,47874,0,191496.0,Debit Card,South
ORD100186,2023-12-27,EL2092,Laptop,4,12657,25,37971.0,Net Banking,East
ORD100187,2023-10-15,EL5767,TV,1,89386,0,89386.0,Net Banking,East
ORD100188,2023-09-20,EL5266,TV,3,30425,20,73020.0,Debit Card,West
ORD100189,2023-05-19,EL3660,Camera,4,31685,20,101392.0,UPI,South
ORD100190,2023-11-09,EL9064,TV,3,117855,5,335886.75,UPI,West
ORD100191,2023-12-23,EL2559,Tablet,3,29578,20,70987.2,Net Banking,South
ORD100192,2023-05-19,EL3646,Mobile,1,33831,5,32139.45,Net Banking,West
ORD100193,2023-10-22,EL9414,TV,4,12906,15,43880.4,Credit Card,East
ORD100194,2023-08-09,EL9901,TV,2,66413,0,132826.0,UPI,Central
ORD100195,2023-02-11,EL3264,Laptop,1,59028,15,50173.8,Debit Card,West
ORD100196,2023-05-17,EL6174,Laptop,2,12287,20,19659.2,UPI,South
ORD100197,2023-03-10,EL9005,Headphones,3,38660,15,98583.0,Credit Card,South
ORD100198,2023-10-31,EL3776,Smartwatch,3,80758,15,205932.9,Net Banking,East
ORD100199,2023-01-13,EL8695,Tablet,1,65504,15,55678.4,Net Banking,South
ORD100200,2023-03-23,EL4337,TV,1,64720,20,51776.0,Credit Card,North
ORD100201,2023-08-24,EL8733,Speaker,2,107979,25,161968.5,Debit Card,Central
ORD100202,2023-03-19,EL9937,TV,4,39701,15,134983.4,Net Banking,West
ORD100203,2023-11-19,EL6776,Mobile,2,88300,5,167770.0,EMI,Central
ORD100204,2023-08-08,EL1820,Headphones,1,115177,20,92141.6,Net Banking,East
ORD100205,2023-12-11,EL5442,Smartwatch,2,22674,15,38545.8,EMI,West
ORD100206,2023-10-11,EL2572,Speaker,1,88560,25,66420.0,Credit Card,West
ORD100207,2023-03-04,EL3829,Headphones,2,116543,20,186468.8,Credit Card,North
ORD100208,2023-06-12,EL8305,Camera,1,28874,10,25986.6,Net Banking,East
ORD100209,2023-05-18,EL8903,Smartwatch,1,48642,25,36481.5,UPI,South
ORD100210,2023-01-29,EL1503,TV,1,102820,5,97679.0,EMI,North
ORD100211,2023-01-24,EL5492,TV,4,70160,15,238544.0,Debit Card,North
ORD100212,2023-02-01,EL1134,Smartwatch,2,22602,10,40683.6,Net Banking,Central
ORD100213,2023-03-02,EL1391,TV,2,108320,10,194976.0,Debit Card,Central
ORD100214,2023-11-03,EL4483,Tablet,2,93801,20,150081.6,Net Banking,Central
ORD100215,2023-07-20,EL3536,Smartwatch,1,30931,10,27837.9,UPI,North
ORD100216,2023-09-16,EL4117,Headphones,2,99377,5,188816.3,UPI,South
ORD100217,2023-01-08,EL9127,Smartwatch,2,34192,5,64964.8,UPI,West
ORD100218,2023-01-06,EL5416,Speaker,1,51542,0,51542.0,UPI,Central
ORD100219,2023-08-01,EL5086,TV,3,47520,5,135432.0,Credit Card,South
ORD100220,2023-11-28,EL1390,Tablet,1,69772,25,52329.0,Credit Card,East
ORD100221,2023-01-24,EL8457,Tablet,2,63762,10,114771.6,EMI,Central
ORD100222,2023-03-02,EL8414,Camera,1,55106,5,52350.7,Debit Card,West
ORD100223,2023-02-05,EL7315,Headphones,3,86121,20,206690.4,Net Banking,East
ORD100224,2023-03-13,EL6277,Laptop,1,30559,0,30559.0,Net Banking,East
ORD100225,2023-05-16,EL1535,Laptop,2,110595,10,199071.0,Credit Card,West
ORD100226,2023-09-23,EL4261,Smartwatch,3,38742,0,116226.0,Net Banking,Central
ORD100227,2023-11-09,EL1302,Camera,4,74669,10,268808.4,Credit Card,North
ORD100228,2023-01-17,EL4384,Mobile,2,85199,20,136318.4,EMI,West
ORD100229,2023-12-26,EL4768,Smartwatch,3,26754,0,80262.0,Debit Card,West
ORD100230,2023-02-27,EL7457,Camera,3,8972,15,22878.6,EMI,West
ORD100231,2023-09-10,EL3100,Headphones,4,75831,25,227493.0,UPI,East
ORD100232,2023-01-01,EL4243,Headphones,1,117217,25,87912.75,UPI,South
ORD100233,2023-08-06,EL1186,Headphones,1,46873,10,42185.7,UPI,North
ORD100234,2023-04-26,EL8783,Headphones,2,99661,15,169423.7,EMI,Central
ORD100235,2023-10-25,EL9460,Headphones,4,111532,0,446128.0,Net Banking,Central
ORD100236,2023-04-21,EL9265,Camera,1,14903,15,12667.55,Debit Card,South
ORD100237,2023-03-17,EL9989,Camera,4,8020,15,27268.0,UPI,West
ORD100238,2023-07-26,EL1744,Tablet,1,46755,0,46755.0,UPI,North
ORD100239,2023-09-08,EL1894,Speaker,3,90956,20,218294.4,UPI,Central
ORD100240,2023-07-23,EL7926,Laptop,1,91988,15,78189.8,Debit Card,Central
ORD100241,2023-11-27,EL6041,TV,4,50648,15,172203.2,UPI,West
ORD100242,2023-09-11,EL4218,Headphones,3,108537,20,260488.8,Debit Card,South
ORD100243,2023-12-26,EL6710,Mobile,3,14516,15,37015.8,UPI,North
ORD100244,2023-02-09,EL7255,TV,3,117863,15,300550.65,EMI,South
ORD100245,2023-07-16,EL3831,Camera,4,7396,15,25146.4,EMI,South
ORD100246,2023-08-01,EL3368,Mobile,2,89082,25,133623.0,Debit Card,North
ORD100247,2023-07-29,EL2989,Mobile,2,24129,5,45845.1,EMI,North
ORD100248,2023-09-05,EL1491,Mobile,2,6591,20,10545.6,Debit Card,Central
ORD100249,2023-11-21,EL8683,Tablet,4,16303,15,55430.2,EMI,Central
ORD100250,2023-03-15,EL9886,Camera,3,35561,25,80012.25,EMI,North
ORD100251,2023-03-22,EL7454,Mobile,2,76719,20,122750.4,Debit Card,East
ORD100252,2023-05-23,EL6961,Headphones,4,97108,10,349588.8,Net Banking,Central
ORD100253,2023-09-25,EL3658,Smartwatch,2,104616,10,188308.8,EMI,East
ORD100254,2023-01-25,EL3498,Mobile,1,91231,15,77546.35,UPI,North
ORD100255,2023-01-29,EL1011,Tablet,2,12314,25,18471.0,Net Banking,Central
ORD100256,2023-06-28,EL1417,TV,2,24623,25,36934.5,Debit Card,South
ORD100257,2023-03-19,EL7199,Camera,3,72675,20,174420.0,Net Banking,North
ORD100258,2023-04-07,EL3586,Speaker,4,117992,20,377574.4,Credit Card,West
ORD100259,2023-12-18,EL2818,Tablet,3,101826,25,229108.5,Credit Card,East
ORD100260,2023-06-19,EL7010,Mobile,3,70082,20,168196.8,EMI,North
ORD100261,2023-10-28,EL7273,Camera,3,88624,25,199404.0,EMI,North
ORD100262,2023-07-21,EL6769,Smartwatch,3,110228,5,314149.8,UPI,Central
ORD100263,2023-09-21,EL1416,Mobile,3,38130,25,85792.5,Net Banking,Central
ORD100264,2023-10-06,EL3101,Tablet,2,56756,10,102160.8,Credit Card,Central
ORD100265,2023-04-02,EL9689,Laptop,3,102624,20,246297.6,EMI,West
ORD100266,2023-06-16,EL9952,Headphones,3,31292,25,70407.0,Net Banking,Central
ORD100267,2023-03-05,EL4325,Speaker,4,116785,25,350355.0,EMI,North
ORD100268,2023-09-29,EL9825,TV,1,91206,20,72964.8,EMI,Central
ORD100269,2023-09-12,EL4496,Tablet,2,74274,5,141120.6,Credit Card,South
ORD100270,2023-12-15,EL9438,Camera,2,7469,5,14191.1,Credit Card,Central
ORD100271,2023-04-15,EL6766,Speaker,2,58947,20,94315.2,EMI,West
ORD100272,2023-09-06,EL1574,Speaker,3,27534,0,82602.0,Debit Card,South
ORD100273,2023-02-26,EL8945,Speaker,3,68620,20,164688.0,EMI,North
ORD100274,2023-03-24,EL7518,Mobile,3,53874,20,129297.6,EMI,North
ORD100275,2023-04-03,EL7482,Headphones,4,54708,5,207890.4,UPI,East
ORD100276,2023-05-15,EL3587,Mobile,1,79553,5,75575.35,UPI,South
ORD100277,2023-08-29,EL7084,Camera,3,73344,20,176025.6,UPI,East
ORD100278,2023-03-30,EL8920,Mobile,1,54138,20,43310.4,Debit Card,South
ORD100279,2023-11-21,EL3557,Laptop,4,59302,20,189766.4,Debit Card,South
ORD100280,2023-02-07,EL9641,Headphones,2,52638,5,100012.2,EMI,West
ORD100281,2023-08-07,EL3842,Headphones,3,83249,20,199797.6,UPI,East
ORD100282,2023-10-15,EL9196,Camera,1,110865,20,88692.0,Debit Card,West
ORD100283,2023-11-27,EL8572,TV,1,7719,15,6561.15,Credit Card,South
ORD100284,2023-12-01,EL8737,Laptop,3,27890,0,83670.0,EMI,North
ORD100285,2023-04-22,EL7152,Tablet,2,82236,10,148024.8,Net Banking,South
ORD100286,2023-11-15,EL3222,Mobile,2,41509,0,83018.0,EMI,West
ORD100287,2023-10-28,EL4723,Smartwatch,2,47534,15,80807.8,Net Banking,East
ORD100288,2023-09-18,EL5969,Mobile,4,107302,10,386287.2,UPI,East
ORD100289,2023-07-03,EL9143,Speaker,1,97241,20,77792.8,Net Banking,West
ORD100290,2023-07-25,EL2481,Mobile,1,23787,15,20218.95,UPI,East
ORD100291,2023-05-04,EL4587,Tablet,1,53845,20,43076.0,Credit Card,Central
ORD100292,2023-07-29,EL5465,Mobile,4,62932,5,239141.6,Net Banking,North
ORD100293,2023-02-11,EL6658,Laptop,1,97124,25,72843.0,EMI,North
ORD100294,2023-01-03,EL2301,Laptop,4,96659,15,328640.6,UPI,North
ORD100295,2023-12-12,EL4088,Headphones,2,38062,5,72317.8,EMI,East
ORD100296,2023-09-17,EL3788,Camera,3,80713,15,205818.15,Debit Card,East
ORD100297,2023-05-02,EL7948,TV,1,92263,15,78423.55,UPI,South
ORD100298,2023-04-30,EL4323,Smartwatch,1,100756,5,95718.2,Net Banking,South
ORD100299,2023-04-10,EL5553,Speaker,2,65461,10,117829.8,UPI,North
ORD100300,2023-05-16,EL2117,Mobile,3,80418,0,241254.0,EMI,Central
ORD100301,2023-01-25,EL4874,Mobile,4,71672,20,229350.4,Credit Card,South
ORD100302,2023-01-28,EL1803,Tablet,3,39832,15,101571.6,UPI,South
ORD100303,2023-01-11,EL1858,Camera,2,36966,20,59145.6,Net Banking,East
ORD100304,2023-09-05,EL5479,Laptop,2,77545,25,116317.5,Debit Card,Central
ORD100305,2023-05-26,EL1818,Smartwatch,3,17987,5,51262.95,Credit Card,North
ORD100306,2023-05-31,EL7728,Headphones,4,42311,20,135395.2,Debit Card,South
ORD100307,2023-06-26,EL3851,Laptop,4,36575,5,138985.0,UPI,Central
ORD100308,2023-09-11,EL2515,Speaker,1,68852,20,55081.6,EMI,Central
ORD100309,2023-02-01,EL4827,Camera,4,6007,0,24028.0,EMI,North
ORD100310,2023-09-05,EL6698,Speaker,3,75981,0,227943.0,Net Banking,Central
ORD100311,2023-10-14,EL1803,TV,2,81242,0,162484.0,EMI,Central
ORD100312,2023-02-15,EL8288,Headphones,1,52517,0,52517.0,Credit Card,Central
ORD100313,2023-11-30,EL7072,TV,1,115022,0,115022.0,EMI,South
ORD100314,2023-07-17,EL1618,Tablet,2,34257,0,68514.0,Net Banking,North
ORD100315,2023-05-22,EL7726,Speaker,4,92272,5,350633.6,UPI,Central
ORD100316,2023-08-19,EL5936,Tablet,2,47207,15,80251.9,UPI,Central
ORD100317,2023-10-21,EL2994,Mobile,4,18281,20,58499.2,EMI,South
ORD100318,2023-08-12,EL5391,TV,2,66246,0,132492.0,Debit Card,North
ORD100319,2023-06-11,EL9956,Camera,3,6435,5,18339.75,UPI,East
ORD100320,2023-09-08,EL3159,Speaker,4,103875,5,394725.0,EMI,South
ORD100321,2023-05-09,EL2686,Smartwatch,3,105686,5,301205.1,Net Banking,North
ORD100322,2023-12-25,EL9939,Headphones,1,96357,15,81903.45,EMI,Central
ORD100323,2023-01-01,EL3499,Laptop,2,31660,20,50656.0,UPI,North
ORD100324,2023-05-17,EL3874,Camera,1,10084,15,8571.4,Net Banking,North
ORD100325,2023-07-27,EL6449,Camera,1,87197,10,78477.3,EMI,North
ORD100326,2023-06-19,EL7820,Tablet,1,18507,5,17581.65,Credit Card,East
ORD100327,2023-08-21,EL1066,TV,1,77595,10,69835.5,Net Banking,North
ORD100328,2023-01-21,EL9908,Speaker,2,88807,25,133210.5,Credit Card,East
ORD100329,2023-04-06,EL8972,Speaker,1,50539,0,50539.0,Debit Card,Central
ORD100330,2023-08-27,EL5908,Mobile,2,12491,0,24982.0,Net Banking,East
ORD100331,2023-11-02,EL6419,Mobile,2,117831,15,200312.7,Credit Card,Central
ORD100332,2023-04-17,EL9568,Headphones,3,55192,20,132460.8,UPI,Central
ORD100333,2023-04-22,EL1065,Tablet,4,85395,10,307422.0,UPI,East
ORD100334,2023-06-03,EL3890,Camera,4,68888,20,220441.6,Debit Card,South
ORD100335,2023-11-27,EL4999,Speaker,2,78609,15,133635.3,Net Banking,West
ORD100336,2023-04-06,EL1316,Smartwatch,3,14077,0,42231.0,Net Banking,North
ORD100337,2023-08-09,EL4758,Tablet,2,25953,20,41524.8,Net Banking,West
ORD100338,2023-07-09,EL6305,Headphones,2,81919,20,131070.4,Debit Card,North
ORD100339,2023-01-23,EL4157,Headphones,2,119682,0,239364.0,Net Banking,North
ORD100340,2023-12-14,EL2817,Tablet,3,72889,10,196800.3,UPI,Central
ORD100341,2023-01-02,EL2275,Headphones,4,28821,0,115284.0,Credit Card,North
ORD100342,2023-12-09,EL6511,Tablet,3,42567,20,102160.8,UPI,North
ORD100343,2023-11-19,EL5535,Laptop,1,29860,10,26874.0,UPI,East
ORD100344,2023-11-20,EL4663,Tablet,3,26195,10,70726.5,Credit Card,West
ORD100345,2023-01-26,EL4211,TV,3,82475,0,247425.0,UPI,East
ORD100346,2023-05-25,EL4701,Tablet,3,95874,20,230097.6,Debit Card,North
ORD100347,2023-03-19,EL2545,Headphones,3,92266,15,235278.3,Credit Card,Central
ORD100348,2023-07-24,EL2680,Speaker,4,26427,20,84566.4,UPI,East
ORD100349,2023-05-05,EL8123,TV,1,105732,5,100445.4,EMI,East
ORD100350,2023-10-18,EL4506,Headphones,4,32083,25,96249.0,UPI,South
ORD100351,2023-09-25,EL2676,Mobile,4,92046,15,312956.4,Debit Card,North
ORD100352,2023-06-29,EL9039,Mobile,3,62372,10,168404.4,Net Banking,Central
ORD100353,2023-05-20,EL1296,Speaker,2,49064,15,83408.8,UPI,East
ORD100354,2023-12-10,EL1888,Speaker,2,12813,10,23063.4,Net Banking,East
ORD100355,2023-08-08,EL1455,TV,4,36598,10,131752.8,EMI,Central
ORD100356,2023-03-25,EL5172,Laptop,4,117718,15,400241.2,UPI,North
ORD100357,2023-02-03,EL8997,Speaker,3,98106,10,264886.2,Credit Card,South
ORD100358,2023-05-24,EL7901,Mobile,4,32082,10,115495.2,Net Banking,East
ORD100359,2023-11-07,EL2113,Tablet,3,34241,5,97586.85,EMI,South
ORD100360,2023-04-24,EL1669,Headphones,2,101214,20,161942.4,Credit Card,West
ORD100361,2023-11-06,EL5103,Mobile,2,49569,20,79310.4,Credit Card,North
ORD100362,2023-02-15,EL4163,Mobile,1,16745,25,12558.75,Credit Card,West
ORD100363,2023-06-27,EL7530,Laptop,2,31029,25,46543.5,Credit Card,West
ORD100364,2023-01-31,EL9012,TV,4,18025,5,68495.0,UPI,West
ORD100365,2023-08-25,EL6993,TV,2,106660,25,159990.0,UPI,North
ORD100366,2023-07-06,EL9440,Camera,3,19288,15,49184.4,UPI,North
ORD100367,2023-10-11,EL9085,Laptop,2,94186,0,188372.0,EMI,Central
ORD100368,2023-04-10,EL5715,Tablet,1,11540,0,11540.0,EMI,South
ORD100369,2023-07-08,EL7845,TV,2,102768,0,205536.0,EMI,South
ORD100370,2023-08-14,EL2881,Headphones,3,86958,5,247830.3,Debit Card,Central
ORD100371,2023-04-06,EL1725,Speaker,3,73878,5,210552.3,EMI,Central
ORD100372,2023-06-23,EL6249,Laptop,4,46846,10,168645.6,UPI,West
ORD100373,2023-07-02,EL4698,Speaker,2,106148,0,212296.0,UPI,Central
ORD100374,2023-07-02,EL4664,Mobile,3,80932,15,206376.6,Debit Card,East
ORD100375,2023-06-12,EL9680,Headphones,1,22482,25,16861.5,Debit Card,South
ORD100376,2023-08-04,EL6777,Headphones,4,28411,15,96597.4,EMI,Central
ORD100377,2023-06-22,EL8976,Mobile,1,55975,25,41981.25,Net Banking,East
ORD100378,2023-04-21,EL8719,Laptop,2,65545,0,131090.0,Debit Card,East
ORD100379,2023-02-11,EL7600,Mobile,2,117302,0,234604.0,Credit Card,East
ORD100380,2023-11-01,EL1072,Speaker,2,83797,0,167594.0,UPI,East
ORD100381,2023-06-12,EL9240,Camera,4,57307,5,217766.6,Credit Card,West
ORD100382,2023-06-24,EL6511,Headphones,3,8093,25,18209.25,UPI,East
ORD100383,2023-07-21,EL3678,Smartwatch,4,82258,5,312580.4,UPI,West
ORD100384,2023-09-24,EL5428,Smartwatch,1,27042,5,25689.9,Debit Card,West
ORD100385,2023-06-18,EL9514,Speaker,4,57930,20,185376.0,Debit Card,East
ORD100386,2023-11-27,EL2558,Tablet,1,49413,15,42001.05,Credit Card,South
ORD100387,2023-08-05,EL6818,TV,4,118387,15,402515.8,UPI,East
ORD100388,2023-09-13,EL3977,Mobile,3,98623,10,266282.1,Credit Card,East
ORD100389,2023-05-07,EL7421,Mobile,1,102883,5,97738.85,Net Banking,East
ORD100390,2023-10-31,EL9549,Tablet,2,38756,25,58134.0,Credit Card,South
ORD100391,2023-12-29,EL4113,Tablet,2,58268,20,93228.8,EMI,North
ORD100392,2023-01-08,EL7255,Speaker,4,44214,20,141484.8,Credit Card,North
ORD100393,2023-04-28,EL1599,Speaker,2,86871,15,147680.7,EMI,West
ORD100394,2023-03-02,EL7166,Tablet,1,33602,5,31921.9,EMI,West
ORD100395,2023-04-17,EL9325,Headphones,2,58331,10,104995.8,EMI,South
ORD100396,2023-10-28,EL6983,Speaker,3,53901,5,153617.85,Net Banking,Central
ORD100397,2023-01-19,EL6547,Camera,3,104986,0,314958.0,Credit Card,North
ORD100398,2023-05-30,EL9705,Speaker,4,68416,5,259980.8,Credit Card,West
ORD100399,2023-12-02,EL6393,Mobile,1,37196,0,37196.0,Net Banking,North
ORD100400,2023-11-20,EL1379,Speaker,3,10626,0,31878.0,UPI,South
ORD100401,2023-01-20,EL9290,Headphones,3,12424,10,33544.8,Debit Card,South
ORD100402,2023-11-11,EL4299,Tablet,1,17857,25,13392.75,Credit Card,Central
ORD100403,2023-08-06,EL5169,Mobile,2,115459,15,196280.3,Debit Card,Central
ORD100404,2023-01-07,EL8735,Speaker,2,24982,5,47465.8,Net Banking,South
ORD100405,2023-09-24,EL2414,Headphones,4,81961,0,327844.0,UPI,West
ORD100406,2023-08-08,EL9983,Camera,2,6980,5,13262.0,UPI,North
ORD100407,2023-10-16,EL6425,Speaker,1,53290,25,39967.5,UPI,East
ORD100408,2023-05-06,EL4712,Headphones,3,31431,15,80149.05,Net Banking,Central
ORD100409,2023-04-18,EL9166,Camera,2,89976,25,134964.0,EMI,East
ORD100410,2023-01-08,EL5093,Tablet,4,112288,15,381779.2,EMI,West
ORD100411,2023-07-04,EL9064,Speaker,2,87711,20,140337.6,Debit Card,Central
ORD100412,2023-12-13,EL3907,Camera,1,119187,15,101308.95,EMI,East
ORD100413,2023-07-26,EL7498,Mobile,4,31385,10,112986.0,EMI,West
ORD100414,2023-11-10,EL9919,Tablet,2,43158,25,64737.0,UPI,North
ORD100415,2023-08-21,EL1163,Mobile,4,28019,0,112076.0,UPI,West
ORD100416,2023-01-30,EL9876,Smartwatch,1,23639,20,18911.2,Debit Card,Central
ORD100417,2023-04-17,EL5564,Laptop,3,90530,10,244431.0,Credit Card,South
ORD100418,2023-01-20,EL9035,Speaker,1,104911,5,99665.45,Debit Card,North
ORD100419,2023-06-02,EL3876,Camera,1,26563,25,19922.25,Debit Card,East
ORD100420,2023-09-12,EL3268,Laptop,1,44341,0,44341.0,Net Banking,Central
ORD100421,2023-09-01,EL7581,Laptop,1,10776,15,9159.6,Net Banking,South
ORD100422,2023-09-14,EL7996,Camera,3,41444,0,124332.0,Debit Card,West
ORD100423,2023-07-26,EL6378,Tablet,3,73916,5,210660.6,Debit Card,South
ORD100424,2023-06-03,EL9261,Speaker,4,13711,20,43875.2,Debit Card,Central
ORD100425,2023-10-17,EL7514,Smartwatch,2,79318,20,126908.8,EMI,Central
ORD100426,2023-05-30,EL9624,Mobile,3,87970,25,197932.5,Net Banking,South
ORD100427,2023-06-20,EL6864,Headphones,3,117301,20,281522.4,Debit Card,West
ORD100428,2023-11-07,EL1446,Mobile,2,90553,25,135829.5,UPI,South
ORD100429,2023-09-03,EL7942,Headphones,3,35707,25,80340.75,UPI,Central
ORD100430,2023-12-29,EL5545,Mobile,1,44110,25,33082.5,EMI,Central
ORD100431,2023-06-15,EL8932,Camera,1,66788,15,56769.8,EMI,East
ORD100432,2023-02-10,EL9995,Smartwatch,2,87879,10,158182.2,Credit Card,East
ORD100433,2023-05-21,EL1228,Speaker,4,43827,25,131481.0,Credit Card,North
ORD100434,2023-10-12,EL2929,Headphones,4,112188,25,336564.0,Credit Card,Central
ORD100435,2023-10-16,EL9801,Speaker,2,10655,10,19179.0,EMI,East
ORD100436,2023-04-11,EL7471,Speaker,2,49859,0,99718.0,EMI,South
ORD100437,2023-09-30,EL5409,Speaker,1,58625,25,43968.75,EMI,West
ORD100438,2023-08-25,EL6252,TV,4,57098,15,194133.2,UPI,South
ORD100439,2023-10-29,EL9067,Tablet,3,20251,20,48602.4,EMI,West
ORD100440,2023-02-21,EL9751,Mobile,1,5526,20,4420.8,UPI,East
ORD100441,2023-04-10,EL1843,Speaker,2,73760,5,140144.0,Credit Card,North
ORD100442,2023-12-29,EL1122,Mobile,4,52837,5,200780.6,Credit Card,South
ORD100443,2023-10-24,EL4238,Speaker,3,16536,20,39686.4,Credit Card,South
ORD100444,2023-02-15,EL4205,Headphones,3,33541,20,80498.4,Debit Card,South
ORD100445,2023-01-02,EL6404,Tablet,1,84083,15,71470.55,Debit Card,West
ORD100446,2023-02-14,EL3670,Tablet,4,56027,10,201697.2,Net Banking,East
ORD100447,2023-11-07,EL2214,Camera,4,39531,5,150217.8,Net Banking,South
ORD100448,2023-05-06,EL9571,TV,2,13712,10,24681.6,Net Banking,South
ORD100449,2023-06-09,EL8259,Camera,4,109101,15,370943.4,Debit Card,North
ORD100450,2023-06-01,EL4194,Camera,4,70455,20,225456.0,Debit Card,North
ORD100451,2023-10-05,EL3404,Camera,1,79744,25,59808.0,Net Banking,East
ORD100452,2023-04-02,EL3161,Camera,4,10109,10,36392.4,Net Banking,East
ORD100453,2023-07-18,EL9758,Camera,3,54268,20,130243.2,EMI,Central
ORD100454,2023-02-04,EL5440,Smartwatch,1,105737,20,84589.6,Net Banking,North
ORD100455,2023-07-08,EL8090,Tablet,1,59615,0,59615.0,EMI,Central
ORD100456,2023-12-11,EL2898,Camera,2,87503,10,157505.4,UPI,West
ORD100457,2023-06-12,EL2624,Speaker,4,34759,25,104277.0,Debit Card,Central
ORD100458,2023-09-18,EL3107,Tablet,2,90708,10,163274.4,Net Banking,South
ORD100459,2023-08-28,EL2668,Tablet,3,65112,20,156268.8,Debit Card,Central
ORD100460,2023-12-29,EL3823,Laptop,1,107471,25,80603.25,Debit Card,East
ORD100461,2023-08-03,EL1212,Smartwatch,1,31589,15,26850.65,Debit Card,West
ORD100462,2023-06-21,EL9751,Camera,1,35015,0,35015.0,UPI,South
ORD100463,2023-06-15,EL9923,Mobile,3,34009,20,81621.6,Credit Card,Central
ORD100464,2023-05-26,EL6692,Headphones,3,88309,5,251680.65,Net Banking,West
ORD100465,2023-11-29,EL5462,TV,2,67046,5,127387.4,Credit Card,West
ORD100466,2023-12-26,EL6886,Speaker,2,111661,0,223322.0,Credit Card,South
ORD100467,2023-05-12,EL6706,Mobile,2,31143,15,52943.1,Credit Card,Central
ORD100468,2023-05-11,EL3492,Smartwatch,4,11154,20,35692.8,Debit Card,West
ORD100469,2023-10-11,EL4031,Headphones,1,26804,10,24123.6,EMI,West
ORD100470,2023-06-03,EL8353,Smartwatch,1,46688,0,46688.0,Debit Card,North
ORD100471,2023-01-21,EL2507,Speaker,2,69288,15,117789.6,Debit Card,West
ORD100472,2023-09-01,EL5039,Tablet,1,56195,10,50575.5,Credit Card,North
ORD100473,2023-11-26,EL2949,Headphones,2,25581,5,48603.9,Debit Card,Central
ORD100474,2023-04-11,EL1019,Tablet,4,57648,5,219062.4,Credit Card,Central
ORD100475,2023-01-17,EL6724,Speaker,4,35087,10,126313.2,EMI,Central
ORD100476,2023-05-09,EL6503,Mobile,3,54930,0,164790.0,Net Banking,East
ORD100477,2023-06-26,EL2853,Speaker,4,37981,5,144327.8,Credit Card,Central
ORD100478,2023-09-06,EL8241,Mobile,2,74298,20,118876.8,EMI,West
ORD100479,2023-01-21,EL7812,Headphones,4,51167,25,153501.0,Net Banking,South
ORD100480,2023-12-03,EL4502,Headphones,3,80304,10,216820.8,UPI,North
ORD100481,2023-04-03,EL2456,Camera,1,48408,10,43567.2,Credit Card,East
ORD100482,2023-07-11,EL4525,Smartwatch,2,44499,5,84548.1,Credit Card,Central
ORD100483,2023-07-01,EL4434,Camera,1,57269,0,57269.0,UPI,Central
ORD100484,2023-03-15,EL3438,Smartwatch,3,43559,20,104541.6,UPI,South
ORD100485,2023-02-12,EL4368,Camera,3,119126,0,357378.0,Credit Card,South
ORD100486,2023-01-19,EL5422,Tablet,3,79319,15,202263.45,UPI,East
ORD100487,2023-02-11,EL5871,Headphones,1,116925,15,99386.25,Debit Card,North
ORD100488,2023-10-03,EL6522,Mobile,1,100317,25,75237.75,Net Banking,Central
ORD100489,2023-04-08,EL5188,Smartwatch,1,101347,5,96279.65,Net Banking,East
ORD100490,2023-05-27,EL3836,Speaker,1,53787,5,51097.65,Net Banking,West
ORD100491,2023-03-11,EL2987,Smartwatch,3,40488,5,115390.8,Debit Card,West
ORD100492,2023-03-09,EL5585,Mobile,3,79441,25,178742.25,UPI,East
ORD100493,2023-02-19,EL6952,Camera,2,79663,15,135427.1,EMI,Central
ORD100494,2023-01-06,EL5864,Smartwatch,2,27431,0,54862.0,UPI,East
ORD100495,2023-11-20,EL4547,TV,1,66681,25,50010.75,Credit Card,Central
ORD100496,2023-06-28,EL4566,Tablet,4,68483,25,205449.0,Net Banking,South
ORD100497,2023-09-09,EL7552,Headphones,4,54153,0,216612.0,UPI,East
ORD100498,2023-06-26,EL3103,Mobile,3,11368,5,32398.8,EMI,Central
ORD100499,2023-03-11,EL1515,Headphones,3,32424,20,77817.6,Credit Card,East
ORD100500,2023-08-01,EL7838,TV,3,117360,0,352080.0,Debit Card,East
ORD100501,2023-11-17,EL2441,Smartwatch,2,50004,15,85006.8,Debit Card,Central
ORD100502,2023-03-01,EL5147,Smartwatch,2,88869,10,159964.2,EMI,Central
ORD100503,2023-01-23,EL4572,Speaker,3,93652,10,252860.4,Credit Card,North
ORD100504,2023-01-25,EL9697,TV,3,117755,25,264948.75,Net Banking,East
ORD100505,2023-03-12,EL9857,Mobile,3,61985,10,167359.5,UPI,West
ORD100506,2023-06-21,EL9977,Speaker,4,55069,20,176220.8,Credit Card,East
ORD100507,2023-05-08,EL5476,Tablet,2,57326,5,108919.4,Debit Card,East
ORD100508,2023-05-25,EL9642,Speaker,4,113737,15,386705.8,EMI,Central
ORD100509,2023-07-11,EL2054,Laptop,4,86061,20,275395.2,EMI,East
ORD100510,2023-08-19,EL7674,Mobile,3,28398,15,72414.9,UPI,East
ORD100511,2023-10-29,EL2486,Laptop,3,103393,15,263652.15,EMI,West
ORD100512,2023-11-21,EL1300,TV,1,55861,5,53067.95,EMI,Central
ORD100513,2023-09-28,EL9965,Camera,1,80897,25,60672.75,Credit Card,East
ORD100514,2023-07-10,EL3630,Laptop,4,86905,10,312858.0,Net Banking,South
ORD100515,2023-05-17,EL9362,Tablet,2,73577,5,139796.3,UPI,North
ORD100516,2023-10-07,EL2813,Speaker,3,70641,20,169538.4,Credit Card,West
ORD100517,2023-10-28,EL1778,Camera,3,14078,25,31675.5,Net Banking,East
ORD100518,2023-05-04,EL2225,Speaker,4,30003,20,96009.6,Credit Card,South
ORD100519,2023-06-12,EL7172,Laptop,1,67768,25,50826.0,Credit Card,East
ORD100520,2023-03-22,EL6607,Speaker,2,56047,20,89675.2,EMI,East
ORD100521,2023-12-28,EL4007,TV,1,76626,5,72794.7,Net Banking,Central
ORD100522,2023-04-04,EL7722,Camera,1,62660,25,46995.0,UPI,Central
ORD100523,2023-04-11,EL2230,TV,1,109386,25,82039.5,UPI,Central
ORD100524,2023-05-11,EL3180,Laptop,1,54786,15,46568.1,Net Banking,South
ORD100525,2023-06-07,EL4552,TV,3,6925,15,17658.75,EMI,East
ORD100526,2023-02-08,EL1647,Tablet,3,88976,0,266928.0,Debit Card,North
ORD100527,2023-11-15,EL8335,Laptop,1,110221,20,88176.8,Credit Card,West
ORD100528,2023-08-15,EL1337,Laptop,2,31015,15,52725.5,EMI,Central
ORD100529,2023-07-21,EL6057,Laptop,4,38320,0,153280.0,Net Banking,Central
ORD100530,2023-12-12,EL6461,Mobile,2,69881,15,118797.7,Credit Card,East
ORD100531,2023-08-06,EL2728,Speaker,2,95827,20,153323.2,UPI,East
ORD100532,2023-06-07,EL5682,Mobile,2,107215,25,160822.5,Debit Card,South
ORD100533,2023-02-10,EL5589,Mobile,1,31289,10,28160.1,UPI,South
ORD100534,2023-08-28,EL7607,Tablet,3,8389,20,20133.6,Net Banking,Central
ORD100535,2023-06-09,EL6104,Camera,2,30683,5,58297.7,Credit Card,East
ORD100536,2023-12-02,EL5224,Speaker,1,18629,15,15834.65,Net Banking,North
ORD100537,2023-07-20,EL6582,TV,2,66550,15,113135.0,Credit Card,West
ORD100538,2023-12-11,EL3333,Smartwatch,2,29826,25,44739.0,EMI,East
ORD100539,2023-10-14,EL7143,Laptop,1,105734,5,100447.3,Debit Card,East
ORD100540,2023-05-30,EL9502,TV,3,31630,25,71167.5,EMI,South
ORD100541,2023-10-02,EL2820,Laptop,3,103762,5,295721.7,EMI,West
ORD100542,2023-04-01,EL1429,Tablet,4,51163,10,184186.8,Net Banking,Central
ORD100543,2023-09-14,EL8900,Laptop,1,103511,15,87984.35,Debit Card,East
ORD100544,2023-12-28,EL6800,Mobile,4,71435,15,242879.0,Credit Card,Central
ORD100545,2023-08-20,EL9077,Speaker,4,16653,10,59950.8,Credit Card,East
ORD100546,2023-11-08,EL7005,Smartwatch,4,32961,0,131844.0,UPI,Central
ORD100547,2023-03-08,EL8674,Headphones,3,86941,25,195617.25,Credit Card,West
ORD100548,2023-05-23,EL5492,Laptop,1,79137,10,71223.3,Net Banking,South
ORD100549,2023-05-28,EL9204,TV,4,38662,25,115986.0,EMI,West
ORD100550,2023-10-03,EL6866,Mobile,1,103818,20,83054.4,EMI,North
ORD100551,2023-11-15,EL8449,Headphones,1,61446,15,52229.1,EMI,South
ORD100552,2023-06-25,EL4252,Smartwatch,3,26288,25,59148.0,Debit Card,West
ORD100553,2023-06-23,EL5000,Headphones,4,100081,5,380307.8,Credit Card,North
ORD100554,2023-05-10,EL5832,Mobile,4,41877,25,125631.0,Net Banking,East
ORD100555,2023-11-15,EL4454,Speaker,1,116562,20,93249.6,Debit Card,East
ORD100556,2023-12-20,EL3323,Speaker,2,20313,15,34532.1,UPI,Central
ORD100557,2023-03-04,EL3353,Camera,3,85885,10,231889.5,Net Banking,South
ORD100558,2023-01-07,EL4555,Speaker,3,77715,20,186516.0,Net Banking,East
ORD100559,2023-08-16,EL5950,Camera,3,15326,15,39081.3,Net Banking,South
ORD100560,2023-01-24,EL7805,Headphones,3,115091,25,258954.75,EMI,East
ORD100561,2023-06-01,EL2306,Tablet,4,6560,0,26240.0,Net Banking,Central
ORD100562,2023-06-25,EL9184,TV,4,84148,0,336592.0,Credit Card,West
ORD100563,2023-05-22,EL7452,TV,2,88186,5,167553.4,Net Banking,Central
ORD100564,2023-01-02,EL8808,Headphones,3,31745,15,80949.75,EMI,North
ORD100565,2023-11-02,EL1765,Laptop,3,36890,0,110670.0,Net Banking,East
ORD100566,2023-04-23,EL9577,Laptop,1,25022,10,22519.8,UPI,North
ORD100567,2023-11-06,EL2436,Speaker,4,57579,15,195768.6,UPI,North
ORD100568,2023-02-28,EL1431,TV,3,75316,10,203353.2,EMI,South
ORD100569,2023-05-17,EL4374,TV,2,88847,10,159924.6,Credit Card,East
ORD100570,2023-06-04,EL4981,Camera,2,33380,0,66760.0,Credit Card,North
ORD100571,2023-01-11,EL1943,Tablet,4,115198,15,391673.2,Debit Card,West
ORD100572,2023-08-27,EL4077,Mobile,2,7356,25,11034.0,EMI,North
ORD100573,2023-05-07,EL2030,Laptop,2,75326,20,120521.6,Net Banking,West
ORD100574,2023-06-02,EL5934,TV,4,97447,0,389788.0,EMI,South
ORD100575,2023-05-26,EL1640,Camera,3,119994,0,359982.0,Debit Card,North
ORD100576,2023-11-01,EL4727,Smartwatch,3,94899,25,213522.75,EMI,Central
ORD100577,2023-03-05,EL9128,Camera,2,25049,15,42583.3,EMI,South
ORD100578,2023-09-20,EL3347,Laptop,2,80717,15,137218.9,Debit Card,West
ORD100579,2023-11-08,EL2833,Laptop,3,110361,10,297974.7,Credit Card,South
ORD100580,2023-12-18,EL6326,Camera,4,21082,25,63246.0,Net Banking,North
ORD100581,2023-12-30,EL5542,Mobile,2,5661,25,8491.5,Debit Card,East
ORD100582,2023-07-20,EL2428,Headphones,1,42412,15,36050.2,UPI,East
ORD100583,2023-03-16,EL5674,Laptop,4,119015,10,428454.0,Credit Card,West
ORD100584,2023-05-22,EL3260,Camera,2,7920,0,15840.0,UPI,West
ORD100585,2023-08-20,EL2445,TV,2,96194,5,182768.6,Credit Card,East
ORD100586,2023-01-22,EL2617,Camera,1,119306,20,95444.8,Net Banking,West
ORD100587,2023-01-20,EL8259,Tablet,1,65315,0,65315.0,Net Banking,South
ORD100588,2023-10-06,EL9031,Headphones,3,84561,15,215630.55,EMI,Central
ORD100589,2023-03-25,EL3951,Smartwatch,4,13946,20,44627.2,UPI,Central
ORD100590,2023-06-20,EL8723,Mobile,4,99242,5,377119.6,Credit Card,South
ORD100591,2023-05-06,EL3019,Speaker,3,50500,5,143925.0,Net Banking,Central
ORD100592,2023-05-29,EL7834,Smartwatch,4,109540,10,394344.0,Debit Card,North
ORD100593,2023-03-31,EL3860,Headphones,4,21309,20,68188.8,Net Banking,South
ORD100594,2023-06-02,EL9345,Headphones,4,60230,10,216828.0,Debit Card,West
ORD100595,2023-04-09,EL4715,Headphones,4,116822,0,467288.0,Credit Card,South
ORD100596,2023-05-02,EL1203,Smartwatch,4,103656,25,310968.0,Net Banking,East
ORD100597,2023-10-13,EL4701,TV,1,35027,25,26270.25,Net Banking,West
ORD100598,2023-02-28,EL8021,Headphones,4,77541,25,232623.0,Credit Card,East
ORD100599,2023-11-21,EL7377,Camera,1,117340,20,93872.0,Net Banking,West
ORD100600,2023-01-17,EL3992,Smartwatch,4,119846,25,359538.0,Debit Card,Central
ORD100601,2023-06-07,EL3692,Speaker,3,64321,0,192963.0,Net Banking,South
ORD100602,2023-01-30,EL4487,Headphones,2,5956,10,10720.8,UPI,North
ORD100603,2023-10-31,EL9543,Camera,1,105375,20,84300.0,EMI,West
ORD100604,2023-05-22,EL4309,TV,4,79131,10,284871.6,Debit Card,West
ORD100605,2023-06-11,EL5216,Tablet,3,52908,20,126979.2,UPI,East
ORD100606,2023-02-24,EL1353,TV,2,83339,10,150010.2,Credit Card,Central
ORD100607,2023-08-26,EL3908,Speaker,1,30963,5,29414.85,Debit Card,East
ORD100608,2023-04-15,EL8945,Headphones,2,106757,10,192162.6,EMI,East
ORD100609,2023-06-01,EL2130,Speaker,3,44443,25,99996.75,EMI,Central
ORD100610,2023-10-20,EL9090,Smartwatch,1,104259,5,99046.05,Credit Card,North
ORD100611,2023-07-22,EL3657,Laptop,2,44063,10,79313.4,Credit Card,East
ORD100612,2023-03-21,EL3496,Headphones,4,119225,20,381520.0,Debit Card,East
ORD100613,2023-05-16,EL4851,Laptop,1,85818,20,68654.4,Net Banking,West
ORD100614,2023-07-09,EL9376,Camera,2,9703,20,15524.8,Credit Card,Central
ORD100615,2023-06-19,EL3408,Tablet,3,70128,15,178826.4,Net Banking,South
ORD100616,2023-08-29,EL3994,Mobile,3,77099,0,231297.0,UPI,North
ORD100617,2023-12-07,EL9072,Speaker,1,30849,20,24679.2,EMI,North
ORD100618,2023-10-26,EL4919,TV,2,36860,5,70034.0,Net Banking,Central
ORD100619,2023-11-25,EL2334,Tablet,1,36585,20,29268.0,EMI,West
ORD100620,2023-10-08,EL5730,Headphones,1,27015,15,22962.75,Net Banking,West
ORD100621,2023-01-14,EL7218,Laptop,2,82539,25,123808.5,UPI,Central
ORD100622,2023-11-04,EL2342,TV,2,48585,5,92311.5,Credit Card,West
ORD100623,2023-04-21,EL2425,Laptop,4,31958,15,108657.2,UPI,North
ORD100624,2023-03-31,EL8408,Smartwatch,2,31017,25,46525.5,Credit Card,North
ORD100625,2023-07-13,EL8965,Laptop,3,81707,5,232864.95,Credit Card,South
ORD100626,2023-04-15,EL9301,Smartwatch,1,50350,10,45315.0,EMI,Central
ORD100627,2023-12-10,EL2413,Camera,1,17201,0,17201.0,UPI,East
ORD100628,2023-03-15,EL1645,TV,3,34426,0,103278.0,Net Banking,East
ORD100629,2023-09-22,EL3798,TV,2,22778,15,38722.6,UPI,South
ORD100630,2023-09-02,EL7360,Mobile,3,50241,25,113042.25,EMI,South
ORD100631,2023-03-08,EL8252,Headphones,3,47229,0,141687.0,Credit Card,West
ORD100632,2023-07-19,EL2082,Smartwatch,4,91652,25,274956.0,EMI,South
ORD100633,2023-01-24,EL7449,Mobile,3,53364,25,120069.0,Debit Card,South
ORD100634,2023-06-23,EL2071,Laptop,1,103833,15,88258.05,Debit Card,East
ORD100635,2023-12-29,EL8291,Laptop,3,89878,15,229188.9,Net Banking,West
ORD100636,2023-11-24,EL3651,Mobile,1,62056,15,52747.6,EMI,South
ORD100637,2023-01-31,EL6313,TV,1,32490,0,32490.0,Net Banking,South
ORD100638,2023-06-20,EL8898,Laptop,1,24975,15,21228.75,Net Banking,West
ORD100639,2023-07-29,EL5247,Speaker,2,31723,0,63446.0,Debit Card,Central
ORD100640,2023-02-17,EL1894,Camera,4,28279,15,96148.6,Net Banking,West
ORD100641,2023-03-30,EL2971,Camera,1,83301,20,66640.8,Debit Card,East
ORD100642,2023-05-25,EL6591,Speaker,1,117214,25,87910.5,Credit Card,Central
ORD100643,2023-08-31,EL4687,Mobile,2,16561,15,28153.7,EMI,North
ORD100644,2023-09-11,EL8977,Speaker,1,112435,5,106813.25,Net Banking,West
ORD100645,2023-12-16,EL9011,Smartwatch,3,71061,25,159887.25,Debit Card,East
ORD100646,2023-01-21,EL7733,Smartwatch,3,93397,25,210143.25,UPI,Central
ORD100647,2023-07-24,EL4986,Mobile,4,54153,15,184120.2,Net Banking,West
ORD100648,2023-12-20,EL8005,Speaker,1,38142,10,34327.8,Credit Card,South
ORD100649,2023-12-04,EL2180,Smartwatch,2,31916,15,54257.2,Credit Card,West
ORD100650,2023-12-18,EL2229,TV,3,69324,25,155979.0,UPI,North
ORD100651,2023-07-23,EL3020,Speaker,2,49965,5,94933.5,Debit Card,West
ORD100652,2023-04-16,EL8128,TV,2,9648,25,14472.0,Net Banking,Central
ORD100653,2023-04-12,EL4877,Smartwatch,3,40133,5,114379.05,Debit Card,Central
ORD100654,2023-05-13,EL2091,Camera,2,55677,0,111354.0,Credit Card,West
ORD100655,2023-05-11,EL2116,Smartwatch,3,101059,20,242541.6,Debit Card,Central
ORD100656,2023-03-12,EL5578,TV,2,99588,25,149382.0,Credit Card,South
ORD100657,2023-06-18,EL8507,Tablet,3,104950,15,267622.5,Debit Card,West
ORD100658,2023-06-22,EL1328,Headphones,1,103317,0,103317.0,UPI,South
ORD100659,2023-02-08,EL1026,Laptop,4,75135,20,240432.0,EMI,South
ORD100660,2023-01-09,EL3456,Speaker,3,40046,15,102117.3,UPI,East
ORD100661,2023-10-30,EL6988,Tablet,3,52064,10,140572.8,UPI,West
ORD100662,2023-11-06,EL2295,Smartwatch,4,106459,15,361960.6,EMI,Central
ORD100663,2023-06-30,EL9474,Camera,3,111625,5,318131.25,EMI,South
ORD100664,2023-03-10,EL7899,Mobile,3,74350,5,211897.5,Net Banking,East
ORD100665,2023-12-26,EL5653,Smartwatch,2,50893,10,91607.4,Net Banking,West
ORD100666,2023-10-13,EL4643,Camera,4,106520,0,426080.0,UPI,West
ORD100667,2023-01-31,EL4004,Headphones,1,66272,20,53017.6,UPI,North
ORD100668,2023-08-19,EL2040,Smartwatch,3,97152,15,247737.6,Credit Card,North
ORD100669,2023-06-20,EL5394,TV,4,72649,5,276066.2,Credit Card,South
ORD100670,2023-03-19,EL4225,Mobile,2,69674,0,139348.0,Net Banking,North
ORD100671,2023-08-21,EL5836,Camera,1,113542,10,102187.8,Net Banking,South
ORD100672,2023-05-25,EL2052,Camera,4,18760,25,56280.0,Credit Card,Central
ORD100673,2023-03-25,EL3014,Camera,1,26927,5,25580.65,Credit Card,South
ORD100674,2023-03-17,EL4933,Headphones,1,91475,10,82327.5,Debit Card,North
ORD100675,2023-01-20,EL9739,Smartwatch,1,66367,15,56411.95,Debit Card,Central
ORD100676,2023-11-02,EL7777,Headphones,3,102955,20,247092.0,Credit Card,North
ORD100677,2023-04-13,EL3676,Speaker,3,17588,5,50125.8,Debit Card,South
ORD100678,2023-01-12,EL2048,Laptop,2,106678,5,202688.2,EMI,East
ORD100679,2023-10-04,EL8194,Laptop,2,109734,15,186547.8,Net Banking,West
ORD100680,2023-05-30,EL1031,Speaker,4,57233,25,171699.0,Net Banking,North
ORD100681,2023-07-21,EL7936,Smartwatch,2,49738,0,99476.0,Credit Card,South
ORD100682,2023-06-12,EL9860,TV,1,38397,20,30717.6,UPI,Central
ORD100683,2023-02-10,EL6014,Headphones,1,87189,5,82829.55,Credit Card,North
ORD100684,2023-03-02,EL6960,Mobile,3,81367,20,195280.8,Debit Card,North
ORD100685,2023-03-06,EL4872,Camera,1,76260,5,72447.0,UPI,West
ORD100686,2023-11-27,EL1842,Camera,4,81619,20,261180.8,Debit Card,South
ORD100687,2023-12-28,EL9864,Smartwatch,1,116453,10,104807.7,EMI,East
ORD100688,2023-01-14,EL1015,TV,1,24816,5,23575.2,Debit Card,Central
ORD100689,2023-04-24,EL5737,Laptop,4,47240,20,151168.0,EMI,South
ORD100690,2023-05-31,EL1416,Laptop,2,11276,0,22552.0,EMI,Central
ORD100691,2023-03-31,EL3489,Camera,2,118939,10,214090.2,Debit Card,North
ORD100692,2023-03-21,EL9955,Smartwatch,4,109199,10,393116.4,Debit Card,West
ORD100693,2023-10-16,EL5098,Headphones,3,84530,0,253590.0,EMI,West
ORD100694,2023-03-11,EL3553,Laptop,1,28499,20,22799.2,UPI,East
ORD100695,2023-04-05,EL2497,Headphones,4,93576,15,318158.4,EMI,West
ORD100696,2023-11-09,EL6537,TV,1,113856,0,113856.0,Net Banking,North
ORD100697,2023-12-17,EL3326,Laptop,3,87495,20,209988.0,EMI,East
ORD100698,2023-07-21,EL5512,Laptop,1,76635,0,76635.0,UPI,South
ORD100699,2023-11-04,EL1200,Tablet,4,112803,0,451212.0,Net Banking,West
ORD100700,2023-10-27,EL3064,Laptop,1,90112,5,85606.4,Credit Card,East
ORD100701,2023-12-20,EL5846,Speaker,2,40946,20,65513.6,Credit Card,North
ORD100702,2023-04-11,EL2078,Mobile,3,60204,15,153520.2,UPI,Central
ORD100703,2023-07-11,EL5591,Speaker,3,56886,5,162125.1,EMI,Central
ORD100704,2023-01-07,EL2979,Smartwatch,3,76652,0,229956.0,Debit Card,North
ORD100705,2023-03-31,EL5233,Smartwatch,4,20563,25,61689.0,UPI,North
ORD100706,2023-03-17,EL2692,Headphones,3,97324,0,291972.0,Net Banking,Central
ORD100707,2023-04-19,EL3443,Speaker,2,97464,0,194928.0,Net Banking,East
ORD100708,2023-05-02,EL8199,Speaker,4,106872,20,341990.4,Credit Card,Central
ORD100709,2023-05-10,EL8725,Speaker,2,14847,20,23755.2,Net Banking,North
ORD100710,2023-10-11,EL4552,TV,1,31155,5,29597.25,UPI,West
ORD100711,2023-05-26,EL6941,Laptop,1,84671,15,71970.35,Net Banking,South
ORD100712,2023-12-03,EL6513,Mobile,1,88310,5,83894.5,UPI,West
ORD100713,2023-11-04,EL2096,Headphones,1,72278,10,65050.2,Debit Card,West
ORD100714,2023-11-06,EL3642,Speaker,2,23309,0,46618.0,Credit Card,North
ORD100715,2023-10-14,EL2598,Speaker,4,5619,25,16857.0,Net Banking,Central
ORD100716,2023-10-08,EL4956,Tablet,4,88194,0,352776.0,UPI,East
ORD100717,2023-05-13,EL9599,Headphones,3,55108,0,165324.0,EMI,West
ORD100718,2023-09-14,EL9968,Speaker,2,39707,5,75443.3,Credit Card,Central
ORD100719,2023-09-14,EL8902,Headphones,1,25337,25,19002.75,Debit Card,East
ORD100720,2023-08-17,EL6596,Laptop,2,86537,25,129805.5,UPI,West
ORD100721,2023-11-21,EL5406,Tablet,3,71504,25,160884.0,Debit Card,East
ORD100722,2023-08-31,EL3805,Headphones,3,52614,5,149949.9,Debit Card,Central
ORD100723,2023-08-04,EL6625,Mobile,2,96428,0,192856.0,Net Banking,South
ORD100724,2023-12-25,EL2580,Mobile,2,96155,5,182694.5,Net Banking,Central
ORD100725,2023-12-16,EL7541,Smartwatch,2,5281,20,8449.6,UPI,North
ORD100726,2023-04-15,EL2594,Tablet,4,32420,20,103744.0,EMI,East
ORD100727,2023-01-18,EL4749,Tablet,1,85896,5,81601.2,UPI,South
ORD100728,2023-04-09,EL7948,Smartwatch,2,44030,25,66045.0,EMI,East
ORD100729,2023-07-18,EL6425,Headphones,2,6058,0,12116.0,Debit Card,East
ORD100730,2023-02-04,EL4070,Tablet,2,91213,5,173304.7,Credit Card,West
ORD100731,2023-02-01,EL2182,Mobile,3,81260,5,231591.0,UPI,North
ORD100732,2023-03-14,EL4679,Mobile,3,33404,5,95201.4,UPI,East
ORD100733,2023-04-02,EL5196,Speaker,4,108482,10,390535.2,EMI,Central
ORD100734,2023-05-05,EL4344,Laptop,1,110284,20,88227.2,Debit Card,Central
ORD100735,2023-03-01,EL5034,Tablet,4,34856,25,104568.0,Debit Card,West
ORD100736,2023-02-19,EL1362,Headphones,1,14200,15,12070.0,EMI,North
ORD100737,2023-07-31,EL6444,Smartwatch,3,69178,25,155650.5,Debit Card,North
ORD100738,2023-11-18,EL9874,Smartwatch,3,38997,15,99442.35,Net Banking,Central
ORD100739,2023-10-02,EL3227,Headphones,3,30611,10,82649.7,Credit Card,South
ORD100740,2023-06-04,EL6748,TV,4,46235,5,175693.0,UPI,West
ORD100741,2023-07-03,EL7774,Camera,2,40057,10,72102.6,Credit Card,West
ORD100742,2023-08-09,EL4731,Laptop,2,6239,10,11230.2,UPI,Central
ORD100743,2023-12-06,EL3623,Smartwatch,3,108674,0,326022.0,Net Banking,Central
ORD100744,2023-08-09,EL7319,Tablet,2,119474,20,191158.4,Debit Card,South
ORD100745,2023-10-04,EL4170,Laptop,2,70661,15,120123.7,EMI,South
ORD100746,2023-11-24,EL5229,Tablet,4,50272,5,191033.6,Net Banking,North
ORD100747,2023-11-03,EL5110,TV,1,94393,15,80234.05,Credit Card,West
ORD100748,2023-09-21,EL3041,Mobile,3,66212,25,148977.0,EMI,West
ORD100749,2023-06-12,EL2371,Laptop,3,20398,15,52014.9,Debit Card,Central
ORD100750,2023-01-21,EL6253,Speaker,4,61503,25,184509.0,Net Banking,North
ORD100751,2023-08-22,EL5046,Smartwatch,4,11638,20,37241.6,EMI,West
ORD100752,2023-10-14,EL3460,Laptop,2,11570,25,17355.0,Net Banking,North
ORD100753,2023-11-17,EL7052,Laptop,3,73785,15,188151.75,Net Banking,North
ORD100754,2023-12-16,EL8227,Laptop,1,14110,15,11993.5,Debit Card,Central
ORD100755,2023-12-26,EL9117,Camera,4,110899,25,332697.0,UPI,North
ORD100756,2023-08-27,EL9793,Laptop,1,84141,10,75726.9,EMI,South
ORD100757,2023-08-04,EL9728,Tablet,1,17115,20,13692.0,Debit Card,South
ORD100758,2023-04-08,EL4942,Mobile,3,44062,0,132186.0,Net Banking,East
ORD100759,2023-07-21,EL7553,TV,3,27911,5,79546.35,Debit Card,Central
ORD100760,2023-11-19,EL4539,Headphones,4,109061,15,370807.4,UPI,East
ORD100761,2023-11-06,EL2129,Laptop,3,37556,5,107034.6,EMI,South
ORD100762,2023-11-02,EL5667,Smartwatch,3,83131,0,249393.0,UPI,East
ORD100763,2023-05-20,EL6053,Laptop,3,6969,5,19861.65,Credit Card,Central
ORD100764,2023-12-20,EL6205,Smartwatch,1,48753,0,48753.0,EMI,Central
ORD100765,2023-10-05,EL6180,Tablet,4,87811,25,263433.0,UPI,North
ORD100766,2023-01-16,EL4794,Smartwatch,2,9470,10,17046.0,Net Banking,West
ORD100767,2023-12-28,EL2982,Speaker,1,15225,15,12941.25,EMI,North
ORD100768,2023-05-05,EL2123,Headphones,3,112860,0,338580.0,EMI,Central
ORD100769,2023-01-28,EL1642,Mobile,1,112510,5,106884.5,Debit Card,South
ORD100770,2023-07-07,EL3793,Smartwatch,3,113295,15,288902.25,Net Banking,South
ORD100771,2023-03-29,EL3732,Smartwatch,3,28196,10,76129.2,Credit Card,North
ORD100772,2023-05-31,EL3452,Mobile,1,110823,25,83117.25,UPI,Central
ORD100773,2023-02-25,EL2356,Headphones,4,18669,15,63474.6,Debit Card,South
ORD100774,2023-01-26,EL9141,Laptop,3,42380,0,127140.0,UPI,Central
ORD100775,2023-08-29,EL9786,Smartwatch,4,115677,10,416437.2,Credit Card,South
ORD100776,2023-09-21,EL2332,Mobile,2,53320,5,101308.0,Credit Card,Central
ORD100777,2023-03-05,EL5000,Speaker,3,52414,10,141517.8,EMI,East
ORD100778,2023-09-23,EL2005,Speaker,4,108542,10,390751.2,Credit Card,Central
ORD100779,2023-11-12,EL3748,Tablet,4,20577,20,65846.4,UPI,Central
ORD100780,2023-07-20,EL3125,Mobile,2,93009,10,167416.2,Net Banking,North
ORD100781,2023-05-22,EL8420,Tablet,4,60409,10,217472.4,Net Banking,East
ORD100782,2023-07-10,EL5277,Speaker,4,33625,15,114325.0,EMI,West
ORD100783,2023-04-13,EL4344,Headphones,2,86040,5,163476.0,UPI,North
ORD100784,2023-09-30,EL8107,Laptop,3,29089,15,74176.95,UPI,West
ORD100785,2023-08-14,EL4810,Mobile,4,41487,15,141055.8,Credit Card,South
ORD100786,2023-05-10,EL6814,TV,4,70838,0,283352.0,UPI,West
ORD100787,2023-04-07,EL2948,Speaker,4,101999,15,346796.6,Debit Card,Central
ORD100788,2023-05-02,EL7932,Speaker,1,115448,20,92358.4,Credit Card,West
ORD100789,2023-03-10,EL8291,TV,2,99795,20,159672.0,Debit Card,North
ORD100790,2023-04-14,EL4210,Camera,1,55138,0,55138.0,EMI,North
ORD100791,2023-05-19,EL6446,Speaker,2,47823,25,71734.5,Net Banking,West
ORD100792,2023-01-11,EL9261,Smartwatch,3,42208,5,120292.8,EMI,North
ORD100793,2023-10-11,EL1798,Headphones,3,59061,5,168323.85,Net Banking,North
ORD100794,2023-12-09,EL6444,Mobile,4,35659,15,121240.6,EMI,West
ORD100795,2023-09-02,EL1726,TV,2,106376,15,180839.2,UPI,East
ORD100796,2023-01-03,EL8323,Smartwatch,3,36890,25,83002.5,Debit Card,East
ORD100797,2023-01-09,EL2092,TV,2,84134,15,143027.8,Net Banking,South
ORD100798,2023-10-11,EL4525,Mobile,3,52055,5,148356.75,Credit Card,North
ORD100799,2023-02-04,EL1202,Tablet,1,117269,10,105542.1,Debit Card,West
ORD100800,2023-12-25,EL2915,Mobile,3,24508,20,58819.2,Credit Card,North
ORD100801,2023-12-20,EL5678,Camera,1,47287,10,42558.3,Debit Card,Central
ORD100802,2023-01-06,EL6687,Mobile,3,83916,10,226573.2,Debit Card,North
ORD100803,2023-07-10,EL9146,Mobile,4,31984,5,121539.2,EMI,North
ORD100804,2023-05-17,EL1167,Camera,1,115169,10,103652.1,Net Banking,East
ORD100805,2023-12-04,EL8724,Headphones,3,13125,25,29531.25,Net Banking,West
ORD100806,2023-06-28,EL7033,Speaker,4,41059,0,164236.0,Debit Card,North
ORD100807,2023-01-02,EL3653,Mobile,1,74569,15,63383.65,UPI,East
ORD100808,2023-10-31,EL2353,Camera,4,108409,0,433636.0,UPI,South
ORD100809,2023-05-03,EL8627,Smartwatch,2,22087,20,35339.2,Credit Card,East
ORD100810,2023-07-06,EL7117,Tablet,2,111437,15,189442.9,Credit Card,East
ORD100811,2023-09-22,EL7267,Tablet,1,10704,10,9633.6,EMI,East
ORD100812,2023-12-02,EL9754,Mobile,3,65576,20,157382.4,Debit Card,North
ORD100813,2023-06-11,EL9109,Headphones,1,78384,15,66626.4,Credit Card,North
ORD100814,2023-11-06,EL9185,Headphones,4,92128,25,276384.0,Credit Card,South
ORD100815,2023-02-14,EL3565,Smartwatch,3,116279,25,261627.75,Debit Card,Central
ORD100816,2023-02-23,EL2063,Mobile,2,77460,25,116190.0,EMI,Central
ORD100817,2023-12-25,EL8084,Tablet,3,32208,25,72468.0,Credit Card,Central
ORD100818,2023-11-24,EL8800,Headphones,2,90150,10,162270.0,EMI,South
ORD100819,2023-02-09,EL7709,Mobile,3,71024,0,213072.0,Net Banking,Central
ORD100820,2023-03-23,EL2778,TV,3,44882,15,114449.1,EMI,Central
ORD100821,2023-01-23,EL6361,Headphones,3,30923,10,83492.1,UPI,East
ORD100822,2023-07-19,EL6969,Camera,4,119044,25,357132.0,UPI,North
ORD100823,2023-11-04,EL4944,TV,4,106477,0,425908.0,EMI,North
ORD100824,2023-03-10,EL3640,Speaker,1,34165,20,27332.0,UPI,East
ORD100825,2023-02-04,EL2598,Headphones,1,72203,20,57762.4,Net Banking,East
ORD100826,2023-09-29,EL4636,Tablet,2,96749,20,154798.4,Debit Card,East
ORD100827,2023-04-21,EL9350,Laptop,4,9114,25,27342.0,UPI,North
ORD100828,2023-09-03,EL5595,TV,2,69965,20,111944.0,UPI,Central
ORD100829,2023-09-07,EL4547,Speaker,1,41321,5,39254.95,EMI,East
ORD100830,2023-02-16,EL6719,Smartwatch,2,78297,15,133104.9,Net Banking,South
ORD100831,2023-02-22,EL1968,Smartwatch,1,101652,15,86404.2,Debit Card,East
ORD100832,2023-11-28,EL5722,Tablet,4,104304,25,312912.0,EMI,West
ORD100833,2023-10-18,EL7544,Headphones,3,118942,5,338984.7,EMI,East
ORD100834,2023-02-28,EL4018,Mobile,4,30426,10,109533.6,Net Banking,North
ORD100835,2023-10-30,EL6595,Headphones,2,22772,10,40989.6,Debit Card,East
ORD100836,2023-11-08,EL3517,Tablet,2,108754,20,174006.4,Net Banking,West
ORD100837,2023-08-21,EL2473,Smartwatch,4,8712,0,34848.0,Debit Card,South
ORD100838,2023-04-25,EL1157,Headphones,4,6367,10,22921.2,Net Banking,Central
ORD100839,2023-12-30,EL6800,Smartwatch,1,111493,0,111493.0,EMI,East
ORD100840,2023-10-16,EL8115,TV,2,112317,15,190938.9,EMI,West
ORD100841,2023-01-09,EL6732,Speaker,2,96736,0,193472.0,Credit Card,West
ORD100842,2023-07-30,EL2606,Mobile,4,56924,15,193541.6,UPI,South
ORD100843,2023-11-13,EL6485,TV,3,8726,5,24869.1,Net Banking,North
ORD100844,2023-02-16,EL4130,Smartwatch,2,94152,5,178888.8,Credit Card,East
ORD100845,2023-03-13,EL4703,Smartwatch,3,32723,25,73626.75,UPI,West
ORD100846,2023-08-07,EL6543,Laptop,4,108110,25,324330.0,Net Banking,South
ORD100847,2023-12-23,EL7822,Laptop,4,105494,20,337580.8,Debit Card,Central
ORD100848,2023-04-15,EL2896,TV,1,14108,10,12697.2,UPI,West
ORD100849,2023-05-11,EL5511,Camera,2,82714,20,132342.4,EMI,South
ORD100850,2023-05-17,EL9975,TV,3,40643,15,103639.65,Credit Card,North
ORD100851,2023-06-12,EL7401,Laptop,1,36324,20,29059.2,UPI,North
ORD100852,2023-08-22,EL9783,Smartwatch,2,108896,0,217792.0,UPI,West
ORD100853,2023-03-07,EL3132,Tablet,1,88360,15,75106.0,EMI,West
ORD100854,2023-05-21,EL3154,TV,4,115896,25,347688.0,Net Banking,East
ORD100855,2023-08-21,EL1796,Smartwatch,2,13927,5,26461.3,Debit Card,South
ORD100856,2023-12-28,EL5150,Tablet,1,98680,25,74010.0,EMI,West
ORD100857,2023-08-12,EL7820,Tablet,1,101546,10,91391.4,Debit Card,East
ORD100858,2023-06-05,EL1500,Laptop,3,27443,15,69979.65,Net Banking,East
ORD100859,2023-12-11,EL7549,TV,1,84973,15,72227.05,UPI,West
ORD100860,2023-11-08,EL4750,Headphones,2,68449,0,136898.0,Debit Card,North
ORD100861,2023-08-23,EL6746,Mobile,2,114834,10,206701.2,Credit Card,South
ORD100862,2023-05-10,EL3088,Laptop,3,110314,5,314394.9,Credit Card,South
ORD100863,2023-08-19,EL5672,Laptop,2,81743,15,138963.1,EMI,North
ORD100864,2023-12-12,EL9885,Headphones,4,65233,15,221792.2,Net Banking,West
ORD100865,2023-01-24,EL6936,Mobile,2,30537,0,61074.0,EMI,South
ORD100866,2023-03-05,EL8314,Smartwatch,2,106293,20,170068.8,EMI,West
ORD100867,2023-12-25,EL9704,Camera,1,82576,5,78447.2,EMI,West
ORD100868,2023-03-23,EL7172,TV,1,112522,25,84391.5,Credit Card,East
ORD100869,2023-10-15,EL9700,Camera,2,27612,10,49701.6,Credit Card,North
ORD100870,2023-12-31,EL3864,Smartwatch,3,98977,15,252391.35,EMI,West
ORD100871,2023-05-16,EL9998,Speaker,1,11471,15,9750.35,Credit Card,Central
ORD100872,2023-09-27,EL6183,Laptop,3,40631,25,91419.75,Net Banking,North
ORD100873,2023-12-23,EL8719,Mobile,2,113997,5,216594.3,EMI,South
ORD100874,2023-10-20,EL5998,Laptop,2,97059,20,155294.4,Credit Card,East
ORD100875,2023-12-06,EL6818,Tablet,4,36348,15,123583.2,Debit Card,South
ORD100876,2023-08-23,EL3561,Laptop,1,69732,5,66245.4,EMI,South
ORD100877,2023-01-14,EL4844,Laptop,2,6177,25,9265.5,EMI,North
ORD100878,2023-09-16,EL9560,Smartwatch,4,9760,0,39040.0,Net Banking,South
ORD100879,2023-05-19,EL1438,Smartwatch,1,37779,20,30223.2,UPI,West
ORD100880,2023-02-11,EL4571,Smartwatch,2,26636,10,47944.8,UPI,South
ORD100881,2023-06-10,EL8790,Camera,2,86889,15,147711.3,Net Banking,East
ORD100882,2023-01-15,EL1866,Tablet,1,58551,5,55623.45,Net Banking,East
ORD100883,2023-09-26,EL6448,Speaker,1,16556,0,16556.0,Net Banking,Central
ORD100884,2023-12-15,EL2675,Speaker,1,32598,10,29338.2,UPI,East
ORD100885,2023-11-12,EL6745,Smartwatch,2,16563,5,31469.7,Net Banking,South
ORD100886,2023-05-04,EL9983,Mobile,2,51819,5,98456.1,Credit Card,East
ORD100887,2023-02-13,EL9081,Camera,4,114326,10,411573.6,EMI,North
ORD100888,2023-09-20,EL2658,Headphones,3,78770,0,236310.0,EMI,East
ORD100889,2023-08-29,EL9617,Mobile,1,96055,25,72041.25,Debit Card,West
ORD100890,2023-09-19,EL6221,TV,2,31966,0,63932.0,Debit Card,North
ORD100891,2023-08-28,EL5187,TV,2,86709,20,138734.4,EMI,Central
ORD100892,2023-12-18,EL3337,Mobile,1,64889,15,55155.65,Credit Card,West
ORD100893,2023-11-04,EL9007,Smartwatch,3,31987,10,86364.9,UPI,South
ORD100894,2023-01-07,EL5526,Headphones,1,83714,25,62785.5,UPI,South
ORD100895,2023-06-10,EL2487,Headphones,3,109874,10,296659.8,Credit Card,South
ORD100896,2023-01-13,EL4716,Camera,2,63348,10,114026.4,UPI,West
ORD100897,2023-08-09,EL6483,Headphones,3,29596,0,88788.0,Net Banking,West
ORD100898,2023-02-05,EL9608,TV,4,38174,15,129791.6,EMI,West
ORD100899,2023-09-15,EL1179,Tablet,2,69106,20,110569.6,EMI,North
ORD100900,2023-01-23,EL4471,Smartwatch,4,112510,5,427538.0,Credit Card,North
ORD100901,2023-08-12,EL2236,Headphones,1,74967,5,71218.65,UPI,South
ORD100902,2023-11-26,EL5189,Camera,1,64182,10,57763.8,Debit Card,East
ORD100903,2023-10-01,EL6034,TV,1,98300,15,83555.0,Debit Card,South
ORD100904,2023-09-02,EL8121,Tablet,3,92163,25,207366.75,UPI,Central
ORD100905,2023-09-17,EL5794,Laptop,2,44310,0,88620.0,Debit Card,North
ORD100906,2023-07-26,EL2233,Laptop,1,61088,15,51924.8,Credit Card,West
ORD100907,2023-02-18,EL4645,Tablet,1,13906,15,11820.1,Credit Card,North
ORD100908,2023-03-24,EL8828,TV,2,41914,0,83828.0,UPI,West
ORD100909,2023-02-10,EL6340,Camera,1,115350,10,103815.0,Debit Card,Central
ORD100910,2023-07-15,EL6717,Tablet,4,50379,15,171288.6,Credit Card,Central
ORD100911,2023-03-30,EL5967,Smartwatch,2,83612,5,158862.8,Credit Card,North
ORD100912,2023-04-14,EL5031,Smartwatch,2,119828,0,239656.0,Net Banking,West
ORD100913,2023-03-16,EL1361,Laptop,2,42650,25,63975.0,Net Banking,Central
ORD100914,2023-12-17,EL2405,Headphones,4,51881,20,166019.2,Credit Card,South
ORD100915,2023-04-28,EL2478,Camera,2,51413,10,92543.4,UPI,South
ORD100916,2023-05-25,EL7128,Laptop,4,11012,0,44048.0,EMI,West
ORD100917,2023-06-27,EL7339,Headphones,2,55115,20,88184.0,EMI,North
ORD100918,2023-12-27,EL8888,Headphones,3,12151,20,29162.4,Credit Card,Central
ORD100919,2023-01-11,EL8798,Speaker,1,62716,25,47037.0,Credit Card,North
ORD100920,2023-07-04,EL9668,Smartwatch,3,98747,15,251804.85,Credit Card,South
ORD100921,2023-01-24,EL5692,TV,1,97653,25,73239.75,UPI,Central
ORD100922,2023-09-06,EL7289,Mobile,4,41378,15,140685.2,Net Banking,North
ORD100923,2023-09-23,EL8626,TV,3,47652,15,121512.6,Credit Card,East
ORD100924,2023-09-07,EL5997,Mobile,2,77430,0,154860.0,Credit Card,West
ORD100925,2023-08-30,EL8809,Tablet,1,18467,0,18467.0,Debit Card,West
ORD100926,2023-01-21,EL3309,Smartwatch,1,36010,10,32409.0,UPI,East
ORD100927,2023-06-18,EL2024,Headphones,3,119793,15,305472.15,Credit Card,South
ORD100928,2023-04-12,EL1231,Camera,4,59691,20,191011.2,Debit Card,Central
ORD100929,2023-01-04,EL9620,Mobile,3,69157,5,197097.45,EMI,West
ORD100930,2023-10-27,EL6319,TV,4,113177,10,407437.2,Credit Card,East
ORD100931,2023-05-22,EL4993,Headphones,4,17289,0,69156.0,Credit Card,East
ORD100932,2023-04-18,EL4851,Mobile,1,49976,25,37482.0,Debit Card,South
ORD100933,2023-09-27,EL5190,Mobile,3,48596,10,131209.2,UPI,South
ORD100934,2023-06-08,EL3561,Speaker,3,28171,10,76061.7,Credit Card,North
ORD100935,2023-08-18,EL7498,Mobile,4,105441,10,379587.6,EMI,West
ORD100936,2023-06-02,EL8046,Camera,3,91365,10,246685.5,Credit Card,North
ORD100937,2023-03-31,EL1514,Smartwatch,2,104590,5,198721.0,EMI,East
ORD100938,2023-01-08,EL1135,Camera,2,119014,25,178521.0,Net Banking,Central
ORD100939,2023-06-25,EL5055,Laptop,3,49139,25,110562.75,Net Banking,Central
ORD100940,2023-01-25,EL9707,Headphones,3,53713,25,120854.25,EMI,South
ORD100941,2023-06-16,EL3040,Smartwatch,4,34734,15,118095.6,UPI,Central
ORD100942,2023-07-01,EL8626,Speaker,2,77588,20,124140.8,Credit Card,Central
ORD100943,2023-08-01,EL1874,Smartwatch,2,68646,25,102969.0,Credit Card,Central
ORD100944,2023-03-06,EL7173,Smartwatch,1,8654,10,7788.6,Net Banking,East
ORD100945,2023-08-16,EL4769,TV,4,94022,10,338479.2,EMI,Central
ORD100946,2023-07-05,EL2740,Smartwatch,1,23743,25,17807.25,Credit Card,Central
ORD100947,2023-07-31,EL3295,Speaker,2,53368,25,80052.0,Credit Card,Central
ORD100948,2023-12-31,EL5901,Camera,4,95025,10,342090.0,UPI,North
ORD100949,2023-09-23,EL2398,Smartwatch,3,79172,15,201888.6,Debit Card,East
ORD100950,2023-03-20,EL8780,Tablet,4,11441,0,45764.0,Net Banking,South
ORD100951,2023-05-11,EL6447,Headphones,3,29611,0,88833.0,Net Banking,North
ORD100952,2023-06-26,EL3762,Smartwatch,3,112971,25,254184.75,Debit Card,West
ORD100953,2023-01-30,EL6751,Headphones,4,17149,5,65166.2,Credit Card,East
ORD100954,2023-04-21,EL6002,Tablet,3,105102,25,236479.5,UPI,East
ORD100955,2023-12-03,EL5509,Tablet,1,64189,25,48141.75,UPI,West
ORD100956,2023-12-08,EL8641,Headphones,2,112904,0,225808.0,Net Banking,West
ORD100957,2023-05-21,EL1180,Mobile,3,26675,10,72022.5,UPI,West
ORD100958,2023-09-15,EL5579,Laptop,1,76031,25,57023.25,Debit Card,South
ORD100959,2023-12-14,EL6089,TV,3,47668,10,128703.6,Credit Card,Central
ORD100960,2023-07-23,EL4536,Mobile,2,18673,10,33611.4,Debit Card,East
ORD100961,2023-03-16,EL3401,Mobile,1,81666,5,77582.7,EMI,Central
ORD100962,2023-10-22,EL9283,Camera,2,93204,10,167767.2,Net Banking,Central
ORD100963,2023-05-13,EL4829,TV,2,85758,0,171516.0,UPI,West
ORD100964,2023-11-19,EL3116,TV,1,70429,15,59864.65,EMI,South
ORD100965,2023-01-19,EL1446,Mobile,1,28669,15,24368.65,UPI,North
ORD100966,2023-08-26,EL8507,Smartwatch,1,39068,20,31254.4,Credit Card,South
ORD100967,2023-01-05,EL5089,Camera,4,93789,25,281367.0,Credit Card,Central
ORD100968,2023-09-13,EL9562,Camera,1,14435,0,14435.0,Credit Card,South
ORD100969,2023-07-24,EL7559,Tablet,1,99088,10,89179.2,UPI,West
ORD100970,2023-05-22,EL8268,Speaker,1,57249,15,48661.65,EMI,North
ORD100971,2023-01-11,EL5352,TV,1,42384,0,42384.0,Credit Card,West
ORD100972,2023-11-10,EL4840,Mobile,3,86929,15,221668.95,EMI,North
ORD100973,2023-07-30,EL6154,Tablet,4,81153,10,292150.8,UPI,Central
ORD100974,2023-07-02,EL6649,Headphones,2,109056,15,185395.2,EMI,North
ORD100975,2023-09-15,EL9934,Laptop,1,80388,25,60291.0,UPI,North
ORD100976,2023-01-12,EL4584,Speaker,3,36401,25,81902.25,UPI,North
ORD100977,2023-11-23,EL5788,Speaker,3,76831,20,184394.4,Net Banking,South
ORD100978,2023-06-16,EL4536,Speaker,3,106529,20,255669.6,UPI,South
ORD100979,2023-11-08,EL5637,Camera,2,39084,15,66442.8,UPI,Central
ORD100980,2023-10-16,EL8457,Headphones,1,115641,0,115641.0,Debit Card,North
ORD100981,2023-04-26,EL1428,Speaker,4,110111,25,330333.0,Credit Card,East
ORD100982,2023-11-02,EL5492,Headphones,4,60826,0,243304.0,Net Banking,Central
ORD100983,2023-01-17,EL6824,Smartwatch,3,41451,0,124353.0,Net Banking,North
ORD100984,2023-04-12,EL7318,Speaker,2,12227,15,20785.9,Net Banking,North
ORD100985,2023-11-07,EL8332,Laptop,2,36910,0,73820.0,Debit Card,South
ORD100986,2023-08-24,EL1294,Headphones,2,41041,25,61561.5,UPI,Central
ORD100987,2023-05-06,EL8414,Headphones,4,93920,10,338112.0,Credit Card,North
ORD100988,2023-06-19,EL9671,Laptop,3,70681,20,169634.4,EMI,North
ORD100989,2023-01-24,EL3265,Speaker,1,108314,10,97482.6,UPI,Central
ORD100990,2023-11-12,EL6277,Laptop,4,86571,0,346284.0,Debit Card,East
ORD100991,2023-09-07,EL9877,Headphones,3,70481,10,190298.7,UPI,Central
ORD100992,2023-05-09,EL2510,Laptop,3,73576,25,165546.0,UPI,Central
ORD100993,2023-12-19,EL5925,Headphones,1,112958,25,84718.5,Debit Card,East
ORD100994,2023-07-27,EL6003,Headphones,1,69174,0,69174.0,Net Banking,Central
ORD100995,2023-07-16,EL7135,Smartwatch,1,31160,15,26486.0,Net Banking,North
ORD100996,2023-02-10,EL8204,Mobile,2,22633,10,40739.4,Credit Card,Central
ORD100997,2023-03-27,EL6275,Headphones,1,99880,15,84898.0,Credit Card,East
ORD100998,2023-12-22,EL6171,Speaker,3,22014,15,56135.7,Net Banking,West
ORD100999,2023-02-14,EL9420,Tablet,1,85532,5,81255.4,EMI,Central
